year,playerId,playerName,type,rank,playerFullName,playerFirstName,playerLastName,playerUseName,playerInitLastName,teamId,teamAbbrev,teamName,teamShortName,leagueName,leagueId,positionAbbrev,position,primaryPositionAbbrev,plateAppearances,totalBases,leftOnBase,sacBunts,sacFlies,babip,extraBaseHits,hitByPitch,gidp,gidpOpp,numberOfPitches,pitchesPerPlateAppearance,walksPerPlateAppearance,strikeoutsPerPlateAppearance,homeRunsPerPlateAppearance,walksPerStrikeout,iso,reachedOnError,walkOffs,flyOuts,totalSwings,swingAndMisses,ballsInPlay,popOuts,lineOuts,groundOuts,flyHits,popHits,lineHits,groundHits,gamesPlayed,airOuts,runs,doubles,triples,homeRuns,strikeOuts,baseOnBalls,intentionalWalks,hits,avg,atBats,obp,slg,ops,caughtStealing,stolenBases,stolenBasePercentage,groundIntoDoublePlay,rbi,groundOutsToAirouts,catchersInterference,atBatsPerHomeRun
2013,408234,Miguel Cabrera,player,1,Miguel Cabrera,Jose,Cabrera,Miguel,M Cabrera,116,DET,Detroit Tigers,Tigers,AL,103,3B,Third Base,1B,652,353,220,0,2,.356,71,5,19,104,2424,3.718,.138,.144,.067,.957,.288,1,1,80,1206,258,463,25,35,130,50,0,89,54,148,140,103,26,1,44,94,90,19,193,.348,555,.442,.636,1.078,0,3,1.000,19,137,0.93,0,12.61
2013,448801,Chris Davis,player,2,Chris Davis,Christopher,Davis,Chris,C Davis,110,BAL,Baltimore Orioles,Orioles,AL,103,1B,First Base,1B,673,370,222,0,7,.336,96,10,4,81,2678,3.979,.107,.296,.079,.362,.348,4,1,70,1322,436,392,22,24,109,69,0,71,27,160,116,103,42,1,53,199,72,12,167,.286,584,.370,.634,1.004,1,4,.800,4,138,0.94,0,11.02
2013,545361,Mike Trout,player,3,Mike Trout,Michael,Trout,Mike,M Trout,108,LAA,Los Angeles Angels,Angels,AL,103,CF,Outfielder,CF,716,328,212,0,8,.376,75,9,8,81,3015,4.211,.154,.190,.038,.809,.234,11,0,95,1116,219,461,15,38,123,40,1,77,72,157,148,109,39,9,27,136,110,10,190,.323,589,.432,.557,.989,7,33,.825,8,97,0.83,0,21.82
2013,120074,David Ortiz,player,4,David Ortiz,David,Ortiz,David,D Ortiz,111,BOS,Boston Red Sox,Red Sox,AL,103,DH,Designated Hitter,DH,600,292,234,0,5,.321,70,1,21,102,2311,3.852,.127,.147,.050,.864,.255,6,1,88,1013,221,435,23,29,135,41,0,79,40,137,140,84,38,2,30,88,76,27,160,.309,518,.395,.564,.959,0,4,1.000,21,103,0.96,0,17.27
2013,502671,Paul Goldschmidt,player,5,Paul Goldschmidt,Paul,Goldschmidt,Paul,P Goldschmidt,109,AZ,Arizona Diamondbacks,D-backs,NL,104,1B,First Base,1B,710,332,229,0,5,.343,75,3,25,115,2930,4.127,.139,.204,.051,.683,.249,5,4,71,1191,271,462,19,41,149,37,0,89,56,160,131,103,36,3,36,145,99,19,182,.302,602,.401,.551,.952,7,15,.682,25,125,1.14,1,16.72
2013,453064,Troy Tulowitzki,player,6,Troy Tulowitzki,Troy,Tulowitzki,Troy,T Tulowitzki,115,COL,Colorado Rockies,Rockies,NL,104,SS,Shortstop,SS,512,241,189,0,5,.334,52,4,9,68,1967,3.842,.111,.166,.049,.671,.229,1,0,53,780,140,366,31,36,107,24,0,72,43,126,120,72,27,0,25,85,57,5,139,.312,446,.391,.540,.931,0,1,1.000,9,82,0.89,0,17.84
2013,150029,Jayson Werth,player,7,Jayson Werth,Jayson,Werth,Jayson,J Werth,120,WSH,Washington Nationals,Nationals,NL,104,RF,Outfielder,RF,532,246,192,0,5,.358,49,5,9,73,2258,4.244,.113,.190,.047,.594,.214,3,0,64,910,181,366,25,37,93,25,2,79,41,129,126,84,24,0,25,101,60,3,147,.318,462,.398,.532,.930,1,10,.909,9,82,0.74,0,18.48
2013,458015,Joey Votto,player,8,Joey Votto,Joseph,Votto,Joey,J Votto,113,CIN,Cincinnati Reds,Reds,NL,104,1B,First Base,1B,726,285,229,0,6,.360,57,4,15,93,3033,4.178,.186,.190,.033,.978,.186,4,2,75,1181,245,449,3,52,142,28,0,87,62,162,130,101,30,3,24,138,135,19,177,.305,581,.435,.491,.926,3,6,.667,15,73,1.09,0,24.21
2013,150212,Michael Cuddyer,player,9,Michael Cuddyer,Michael,Cuddyer,Michael,M Cuddyer,115,COL,Colorado Rockies,Rockies,NL,104,RF,Outfielder,RF,540,259,199,0,3,.382,54,2,13,77,2112,3.911,.085,.185,.037,.460,.198,2,0,60,976,222,392,17,21,132,26,0,71,65,130,98,74,31,3,20,100,46,5,162,.331,489,.389,.530,.919,3,10,.769,13,84,1.35,0,24.45
2013,457705,Andrew McCutchen,player,10,Andrew McCutchen,Andrew,McCutchen,Andrew,A McCutchen,134,PIT,Pittsburgh Pirates,Pirates,NL,104,CF,Outfielder,RF,674,296,238,0,4,.353,64,9,13,95,2562,3.801,.116,.150,.031,.772,.190,5,1,93,1169,247,486,31,44,133,26,0,92,67,157,168,97,38,5,21,101,78,12,185,.317,583,.404,.508,.912,10,27,.730,13,84,0.79,0,27.76
2013,429665,Edwin Encarnación,player,11,Edwin Encarnación,Edwin,Encarnación,Edwin,E Encarnación,141,TOR,Toronto Blue Jays,Blue Jays,AL,103,1B,First Base,DH,621,283,213,0,5,.247,66,4,20,95,2461,3.963,.132,.100,.058,1.323,.262,5,0,107,1007,162,473,45,32,145,34,3,82,25,142,184,90,29,1,36,62,82,7,144,.272,530,.370,.534,.904,1,7,.875,20,104,0.79,0,14.72
2013,429664,Robinson Canó,player,12,Robinson Canó,Robinson,Canó,Robinson,R Canó,147,NYY,New York Yankees,Yankees,AL,103,2B,Second Base,2B,681,312,200,0,5,.327,68,6,18,117,2476,3.636,.095,.125,.040,.765,.202,8,0,86,1193,179,525,23,44,182,38,0,90,62,160,153,81,41,0,27,85,65,16,190,.314,605,.383,.516,.899,1,7,.875,18,107,1.19,0,22.41
2013,518692,Freddie Freeman,player,13,Freddie Freeman,Frederick,Freeman,Freddie,F Freeman,144,ATL,Atlanta Braves,Braves,NL,104,1B,First Base,1B,629,276,193,0,5,.371,52,7,10,97,2398,3.812,.105,.192,.037,.545,.181,6,3,90,1291,310,435,8,32,129,38,0,100,38,147,130,89,27,2,23,121,66,10,176,.319,551,.396,.501,.897,0,1,1.000,10,109,0.99,0,23.96
2013,425783,Shin-Soo Choo,player,14,Shin-Soo Choo,Shin-Soo,Choo,Shin-Soo,S Choo,113,CIN,Cincinnati Reds,Reds,NL,104,CF,Outfielder,RF,712,263,161,3,2,.338,57,26,3,50,3010,4.228,.157,.187,.029,.842,.178,3,3,66,1173,264,441,12,35,166,22,0,82,58,154,113,107,34,2,21,133,112,5,162,.285,569,.423,.462,.885,11,20,.645,3,54,1.47,0,27.10
2013,518626,Josh Donaldson,player,15,Josh Donaldson,Joshua,Donaldson,Josh,J Donaldson,133,OAK,Oakland Athletics,Athletics,AL,103,3B,Third Base,3B,668,289,204,1,6,.333,64,6,15,92,2697,4.037,.114,.165,.036,.691,.199,4,3,88,1188,264,476,35,25,154,21,1,95,57,158,148,89,37,3,24,110,76,2,174,.301,579,.384,.499,.883,2,5,.714,15,93,1.04,0,24.12
2013,134181,Adrian Beltré,player,16,Adrian Beltré,Adrian,Beltré,Adrian,A Beltré,140,TEX,Texas Rangers,Rangers,AL,103,3B,Third Base,3B,690,321,285,0,2,.322,62,7,17,94,2534,3.672,.072,.113,.043,.641,.193,6,2,120,1220,192,555,38,44,154,32,3,108,56,161,202,88,32,0,30,78,50,12,199,.315,631,.371,.509,.880,0,1,1.000,17,92,0.76,0,21.03
2013,408045,Joe Mauer,player,16,Joe Mauer,Joseph,Mauer,Joe,J Mauer,142,MIN,Minnesota Twins,Twins,AL,103,C,Catcher,C,508,212,153,0,2,.383,46,0,7,55,2158,4.248,.120,.175,.022,.685,.153,2,0,60,805,144,358,5,22,127,25,0,73,46,113,87,62,35,0,11,89,61,7,144,.324,445,.404,.476,.880,1,0,.000,7,47,1.46,0,40.46
2013,407812,Matt Holliday,player,18,Matt Holliday,Matthew,Holliday,Matt,M Holliday,138,STL,St. Louis Cardinals,Cardinals,NL,104,LF,Outfielder,LF,602,255,196,0,4,.322,54,9,31,116,2236,3.714,.115,.143,.037,.802,.190,2,1,73,1107,236,438,29,32,148,27,0,76,53,141,134,103,31,1,22,86,69,5,156,.300,520,.389,.490,.879,1,6,.857,31,94,1.10,0,23.64
2013,572761,Matt Carpenter,player,19,Matt Carpenter,Matthew,Carpenter,Matt,M Carpenter,138,STL,St. Louis Cardinals,Cardinals,NL,104,2B,Second Base,DH,717,301,144,3,7,.359,73,9,4,54,2954,4.120,.100,.137,.015,.735,.163,5,0,112,1093,135,538,18,57,152,24,1,109,65,157,187,126,55,7,11,98,72,1,199,.318,626,.392,.481,.873,3,3,.500,4,78,0.81,0,56.91
2013,461235,Brandon Moss,player,20,Brandon Moss,Brandon,Moss,Brandon,B Moss,133,OAK,Oakland Athletics,Athletics,AL,103,1B,First Base,1B,505,233,199,0,3,.301,56,6,4,64,2017,3.994,.099,.277,.059,.357,.267,7,2,70,999,314,309,29,22,74,38,0,53,23,145,121,73,23,3,30,140,50,3,114,.256,446,.337,.522,.859,2,4,.667,4,87,0.61,0,14.87
2013,430832,José Bautista,player,21,José Bautista,José,Bautista,José,J Bautista,141,TOR,Toronto Blue Jays,Blue Jays,AL,103,RF,Outfielder,RF,528,225,178,0,4,.259,52,3,13,79,2236,4.235,.131,.159,.053,.821,.239,3,1,77,856,144,372,42,19,117,26,0,55,36,118,138,82,24,0,28,84,69,2,117,.259,452,.358,.498,.856,2,7,.778,13,73,0.85,0,16.14
2013,452252,Adam Lind,player,22,Adam Lind,Adam,Lind,Adam,A Lind,141,TOR,Toronto Blue Jays,Blue Jays,AL,103,1B,First Base,1B,521,231,192,0,4,.324,50,1,20,76,2131,4.090,.098,.198,.044,.495,.209,4,0,60,867,185,366,20,18,134,29,0,64,41,143,98,67,26,1,23,103,51,5,134,.288,465,.357,.497,.854,0,1,1.000,20,67,1.37,0,20.22
2013,407781,Marlon Byrd,player,23,Marlon Byrd,Marlon,Byrd,Marlon,M Byrd,134,PIT,Pittsburgh Pirates,Pirates,NL,104,RF,Outfielder,CF,579,272,242,1,7,.353,64,8,11,76,2115,3.653,.054,.249,.041,.215,.220,7,1,74,1154,340,396,23,36,108,38,2,58,57,147,133,75,35,5,24,144,31,2,155,.291,532,.336,.511,.847,4,2,.333,11,88,0.81,0,22.17
2013,519317,Giancarlo Stanton,player,24,Giancarlo Stanton,Giancarlo,Stanton,Giancarlo,G Stanton,146,MIA,Miami Marlins,Marlins,NL,104,RF,Outfielder,DH,504,204,180,0,1,.313,50,4,10,75,2087,4.141,.147,.278,.048,.529,.231,4,2,44,859,293,286,27,14,95,16,1,58,31,116,85,62,26,0,24,140,74,5,106,.249,425,.365,.480,.845,0,1,1.000,10,62,1.12,0,17.71
2013,460576,Carlos Gómez,player,25,Carlos Gómez,Carlos,Gómez,Carlos,C Gómez,158,MIL,Milwaukee Brewers,Brewers,NL,104,CF,Outfielder,CF,590,271,224,1,6,.344,61,10,11,86,2173,3.683,.063,.247,.041,.253,.222,5,0,69,1184,326,397,28,32,116,33,1,64,54,147,129,80,27,10,24,146,37,2,152,.284,536,.338,.506,.844,7,40,.851,11,73,0.90,0,22.33
2014,400121,Victor Martinez,player,1,Victor Martinez,Victor,Martinez,Victor,V Martinez,116,DET,Detroit Tigers,Tigers,AL,103,DH,Designated Hitter,DH,641,317,208,0,6,.316,65,4,17,104,2586,4.034,.109,.066,.050,1.667,.230,7,0,121,1111,102,525,23,34,159,32,0,94,62,151,178,87,33,0,32,42,70,28,188,.335,561,.409,.565,.974,2,3,.600,17,103,0.89,0,17.53
2014,547989,José Abreu,player,2,José Abreu,José,Abreu,José,J Abreu,145,CWS,Chicago White Sox,White Sox,AL,103,1B,First Base,1B,622,323,203,0,4,.356,73,11,14,92,2351,3.780,.082,.211,.058,.389,.264,9,1,52,1249,356,429,21,30,150,37,0,86,53,145,103,80,35,2,36,131,51,15,176,.317,556,.383,.581,.964,1,3,.750,14,107,1.46,0,15.44
2014,457705,Andrew McCutchen,player,3,Andrew McCutchen,Andrew,McCutchen,Andrew,A McCutchen,134,PIT,Pittsburgh Pirates,Pirates,NL,104,CF,Outfielder,RF,648,297,214,0,6,.355,69,10,9,85,2640,4.074,.130,.177,.039,.730,.228,5,0,82,1173,276,439,30,37,118,27,0,84,61,146,149,89,38,6,25,115,84,8,172,.314,548,.410,.542,.952,3,18,.857,9,83,0.79,0,21.92
2014,519317,Giancarlo Stanton,player,4,Giancarlo Stanton,Giancarlo,Stanton,Giancarlo,G Stanton,146,MIA,Miami Marlins,Marlins,NL,104,RF,Outfielder,DH,638,299,234,0,2,.353,69,3,16,96,2597,4.071,.147,.266,.058,.553,.267,1,2,61,1097,359,371,30,21,104,19,1,81,54,145,112,89,31,1,37,170,94,24,155,.288,539,.395,.555,.950,1,13,.929,16,105,0.93,0,14.57
2014,545361,Mike Trout,player,5,Mike Trout,Michael,Trout,Mike,M Trout,108,LAA,Los Angeles Angels,Angels,AL,103,CF,Outfielder,CF,705,338,211,0,10,.349,84,10,6,96,3136,4.448,.118,.261,.051,.451,.274,5,2,84,1186,260,428,39,38,94,35,2,83,53,157,161,115,39,9,36,184,83,6,173,.287,602,.377,.561,.938,2,16,.889,6,111,0.58,0,16.72
2014,430832,José Bautista,player,6,José Bautista,José,Bautista,José,J Bautista,141,TOR,Toronto Blue Jays,Blue Jays,AL,103,RF,Outfielder,RF,673,290,215,1,6,.287,62,9,18,118,2743,4.076,.155,.143,.052,1.083,.239,9,1,82,1081,215,464,52,33,139,36,2,67,53,155,167,101,27,0,35,96,104,11,158,.286,553,.403,.524,.927,2,6,.750,18,103,0.83,0,15.80
2014,519203,Anthony Rizzo,player,7,Anthony Rizzo,Anthony,Rizzo,Anthony,A Rizzo,112,CHC,Chicago Cubs,Cubs,NL,104,1B,First Base,1B,616,276,189,0,4,.311,61,15,8,69,2478,4.023,.119,.188,.052,.629,.240,4,3,69,1076,244,412,36,33,124,38,1,80,31,140,138,89,28,1,32,116,73,7,150,.286,524,.386,.527,.913,4,5,.556,8,78,0.90,0,16.38
2014,429665,Edwin Encarnación,player,8,Edwin Encarnación,Edwin,Encarnación,Edwin,E Encarnación,141,TOR,Toronto Blue Jays,Blue Jays,AL,103,1B,First Base,DH,542,261,240,0,1,.260,63,2,18,103,2241,4.135,.114,.151,.063,.756,.279,2,1,77,954,179,396,47,29,115,36,0,60,32,128,153,75,27,2,34,82,62,6,128,.268,477,.354,.547,.901,0,2,1.000,18,98,0.75,0,14.03
2014,408234,Miguel Cabrera,player,9,Miguel Cabrera,Jose,Cabrera,Miguel,M Cabrera,116,DET,Detroit Tigers,Tigers,AL,103,1B,First Base,1B,685,320,201,0,11,.346,78,3,21,91,2531,3.695,.088,.171,.036,.513,.211,6,1,101,1264,286,505,19,47,147,34,0,94,63,159,167,101,52,1,25,117,60,10,191,.313,611,.371,.524,.895,1,1,.500,21,109,0.88,0,24.44
2014,488726,Michael Brantley,player,10,Michael Brantley,Michael,Brantley,Michael,M Brantley,114,CLE,Cleveland Indians,Indians,AL,103,LF,Outfielder,DH,676,309,211,0,5,.333,67,8,16,106,2415,3.572,.077,.083,.030,.929,.178,6,2,82,1001,99,560,14,72,192,26,0,99,75,156,168,94,45,2,20,56,52,4,200,.327,611,.385,.506,.891,1,23,.958,16,97,1.14,0,30.55
2014,134181,Adrian Beltré,player,11,Adrian Beltré,Adrian,Beltré,Adrian,A Beltré,140,TEX,Texas Rangers,Rangers,AL,103,3B,Third Base,3B,614,270,204,0,5,.345,53,3,15,91,2331,3.796,.093,.121,.031,.770,.168,8,2,93,1105,182,480,28,36,145,19,0,97,62,148,157,79,33,1,19,74,57,13,178,.324,549,.388,.492,.880,1,1,.500,15,77,0.92,0,28.90
2014,120074,David Ortiz,player,12,David Ortiz,David,Ortiz,David,D Ortiz,111,BOS,Boston Red Sox,Red Sox,AL,103,DH,Designated Hitter,DH,602,268,214,0,6,.256,62,3,18,119,2409,4.002,.125,.158,.058,.789,.255,1,0,105,1068,215,429,25,29,134,30,1,74,31,142,159,59,27,0,35,95,75,22,136,.263,518,.355,.517,.872,0,0,.---,18,104,0.84,0,14.80
2014,624577,Yasiel Puig,player,13,Yasiel Puig,Yasiel,Puig,Yasiel,Y Puig,119,LAD,Los Angeles Dodgers,Dodgers,NL,104,RF,Outfielder,RF,640,268,229,2,1,.356,62,12,7,82,2306,3.603,.105,.194,.025,.540,.185,7,0,63,1081,299,437,30,27,152,15,5,66,79,148,120,92,37,9,16,124,67,3,165,.296,558,.382,.480,.862,7,11,.611,7,69,1.27,0,34.88
2014,408047,Justin Morneau,player,14,Justin Morneau,Justin,Morneau,Justin,J Morneau,115,COL,Colorado Rockies,Rockies,NL,104,1B,First Base,1B,550,249,184,0,8,.330,52,6,7,88,1920,3.491,.062,.109,.031,.567,.177,3,1,58,1046,173,450,30,53,149,19,1,90,50,135,141,62,32,3,17,60,34,4,160,.319,502,.364,.496,.860,3,0,.000,7,82,1.06,0,29.53
2014,443558,Nelson Cruz,player,15,Nelson Cruz,Nelson,Cruz,Nelson,N Cruz,110,BAL,Baltimore Orioles,Orioles,AL,103,DH,Designated Hitter,DH,678,322,270,0,5,.288,74,5,17,94,2530,3.732,.081,.206,.059,.393,.254,6,0,92,1245,342,478,44,30,146,30,0,78,58,159,166,87,32,2,40,140,55,8,166,.271,613,.333,.525,.858,5,4,.444,17,108,0.88,0,15.32
2014,457763,Buster Posey,player,16,Buster Posey,Gerald,Posey,Buster,B Posey,137,SF,San Francisco Giants,Giants,NL,104,C,Catcher,C,605,268,217,0,8,.319,52,3,16,108,2326,3.845,.078,.114,.036,.681,.179,3,1,96,1034,159,486,15,49,156,24,0,93,53,147,160,72,28,2,22,69,47,5,170,.311,547,.364,.490,.854,1,0,.000,16,89,0.98,0,24.86
2014,461314,Matt Kemp,player,17,Matt Kemp,Matthew,Kemp,Matt,M Kemp,119,LAD,Los Angeles Dodgers,Dodgers,NL,104,RF,Outfielder,CF,599,274,242,0,6,.345,66,0,21,79,2298,3.836,.087,.242,.042,.359,.220,2,1,65,1077,331,402,5,35,142,28,1,92,34,150,105,77,38,3,25,145,52,3,155,.287,541,.346,.506,.852,5,8,.615,21,89,1.35,0,21.64
2014,150029,Jayson Werth,player,18,Jayson Werth,Jayson,Werth,Jayson,J Werth,120,WSH,Washington Nationals,Nationals,NL,104,RF,Outfielder,RF,629,243,209,0,3,.343,54,9,9,107,2667,4.240,.132,.180,.025,.735,.163,2,1,69,978,189,424,32,49,118,20,2,83,51,147,150,85,37,1,16,113,83,3,156,.292,534,.394,.455,.849,1,9,.900,9,82,0.79,0,33.38
2014,518692,Freddie Freeman,player,19,Freddie Freeman,Frederick,Freeman,Freddie,F Freeman,144,ATL,Atlanta Braves,Braves,NL,104,1B,First Base,1B,708,280,233,0,3,.351,65,8,18,106,2826,3.992,.127,.205,.025,.621,.173,1,2,87,1396,363,465,15,48,140,29,1,110,35,162,150,93,43,4,18,145,90,4,175,.288,607,.386,.461,.847,4,3,.429,18,78,0.93,0,33.72
2014,518960,Jonathan Lucroy,player,20,Jonathan Lucroy,Jonathan,Lucroy,Jonathan,J Lucroy,158,MIL,Milwaukee Brewers,Brewers,NL,104,C,Catcher,C,655,272,206,0,2,.324,68,2,13,91,2551,3.895,.101,.108,.020,.930,.164,5,1,91,1063,135,516,34,54,161,19,1,97,59,153,179,73,53,2,13,71,66,3,176,.301,585,.373,.465,.838,4,4,.500,13,69,0.90,0,45.00
2014,543281,Josh Harrison,player,21,Josh Harrison,Joshua,Harrison,Josh,J Harrison,134,PIT,Pittsburgh Pirates,Pirates,NL,104,3B,Third Base,3B,550,255,132,2,2,.353,58,4,6,60,1968,3.578,.040,.147,.024,.272,.175,3,1,85,1026,214,443,35,41,118,23,0,91,50,143,161,77,38,7,13,81,22,1,164,.315,520,.347,.490,.837,7,18,.720,6,52,0.73,0,40.00
2014,429664,Robinson Canó,player,22,Robinson Canó,Robinson,Canó,Robinson,R Canó,136,SEA,Seattle Mariners,Mariners,AL,103,2B,Second Base,2B,665,270,187,0,3,.335,53,6,19,107,2321,3.490,.092,.102,.021,.897,.139,2,0,67,1113,157,530,17,45,214,14,0,103,70,157,129,77,37,2,14,68,61,20,187,.314,595,.382,.454,.836,3,10,.769,19,82,1.66,0,42.50
2014,460576,Carlos Gómez,player,23,Carlos Gómez,Carlos,Gómez,Carlos,C Gómez,158,MIL,Milwaukee Brewers,Brewers,NL,104,CF,Outfielder,CF,644,274,189,1,3,.339,61,19,10,71,2301,3.573,.073,.219,.036,.333,.193,3,0,82,1295,360,437,44,35,113,29,2,74,58,148,161,95,34,4,23,141,47,0,163,.284,574,.356,.477,.833,12,34,.739,10,73,0.70,0,24.96
2014,457708,Justin Upton,player,23,Justin Upton,Justin,Upton,Justin,J Upton,144,ATL,Atlanta Braves,Braves,NL,104,LF,Outfielder,LF,641,278,301,0,8,.332,65,6,10,74,2575,4.017,.094,.267,.045,.351,.221,2,1,77,1243,366,403,29,31,113,31,0,76,46,154,137,77,34,2,29,171,60,1,153,.270,566,.342,.491,.833,4,8,.667,10,102,0.82,1,19.52
2014,514888,Jose Altuve,player,25,Jose Altuve,Jose,Altuve,Jose,J Altuve,117,HOU,Houston Astros,Astros,AL,103,2B,Second Base,2B,707,299,205,1,5,.360,57,5,20,110,2200,3.112,.051,.075,.010,.679,.112,8,0,107,1108,111,613,38,44,199,20,1,102,102,158,189,85,47,3,7,53,36,7,225,.341,660,.377,.453,.830,9,56,.862,20,59,1.05,0,94.29
2015,547180,Bryce Harper,player,1,Bryce Harper,Bryce,Harper,Bryce,B Harper,120,WSH,Washington Nationals,Nationals,NL,104,RF,Outfielder,1B,654,338,197,0,4,.369,81,5,15,104,2682,4.101,.190,.200,.064,.947,.319,2,2,52,1173,317,394,23,34,113,28,0,98,46,153,109,118,38,1,42,131,124,15,172,.330,521,.460,.649,1.109,4,6,.600,15,99,1.04,0,12.40
2015,502671,Paul Goldschmidt,player,2,Paul Goldschmidt,Paul,Goldschmidt,Paul,P Goldschmidt,109,AZ,Arizona Diamondbacks,D-backs,NL,104,1B,First Base,1B,695,323,214,0,7,.382,73,2,16,93,2917,4.197,.170,.217,.047,.781,.249,5,0,57,1111,279,423,23,41,120,25,0,98,59,159,121,103,38,2,33,151,118,29,182,.321,567,.435,.570,1.005,5,21,.808,16,110,0.99,1,17.18
2015,458015,Joey Votto,player,3,Joey Votto,Joseph,Votto,Joey,J Votto,113,CIN,Cincinnati Reds,Reds,NL,104,1B,First Base,1B,695,295,166,0,2,.371,64,5,11,82,3020,4.345,.206,.194,.042,1.059,.228,3,1,60,1104,265,412,6,38,137,22,1,107,41,158,104,95,33,2,29,135,143,15,171,.314,545,.459,.541,1.000,3,11,.786,11,80,1.32,0,18.79
2015,545361,Mike Trout,player,4,Mike Trout,Michael,Trout,Mike,M Trout,108,LAA,Los Angeles Angels,Angels,AL,103,CF,Outfielder,CF,682,339,166,0,5,.344,79,10,11,93,2980,4.370,.135,.232,.060,.582,.290,4,1,67,1116,246,422,15,56,112,21,2,101,48,159,138,104,32,6,41,158,92,14,172,.299,575,.402,.590,.992,7,11,.611,11,90,0.81,0,14.02
2015,408234,Miguel Cabrera,player,5,Miguel Cabrera,Jose,Cabrera,Miguel,M Cabrera,116,DET,Detroit Tigers,Tigers,AL,103,1B,First Base,1B,511,229,152,0,2,.384,47,3,19,93,1985,3.885,.151,.160,.035,.939,.196,2,0,62,892,206,349,14,27,101,25,1,69,50,119,103,64,28,1,18,82,77,15,145,.338,429,.440,.534,.974,1,1,.500,19,76,0.98,0,23.83
2015,518626,Josh Donaldson,player,6,Josh Donaldson,Joshua,Donaldson,Josh,J Donaldson,141,TOR,Toronto Blue Jays,Blue Jays,AL,103,3B,Third Base,3B,711,352,223,2,10,.314,84,6,16,101,2817,3.962,.103,.187,.058,.549,.271,4,4,82,1288,326,499,30,35,168,40,1,85,58,158,147,122,41,2,41,133,73,0,184,.297,620,.371,.568,.939,0,6,1.000,16,123,1.14,0,15.12
2015,443558,Nelson Cruz,player,7,Nelson Cruz,Nelson,Cruz,Nelson,N Cruz,136,SEA,Seattle Mariners,Mariners,AL,103,RF,Outfielder,DH,655,334,233,0,1,.350,67,5,6,63,2632,4.018,.090,.250,.067,.360,.264,4,2,57,1265,389,427,24,32,136,31,0,88,59,152,113,90,22,1,44,164,59,9,178,.302,590,.369,.566,.935,2,3,.600,6,93,1.20,0,13.41
2015,429665,Edwin Encarnación,player,8,Edwin Encarnación,Edwin,Encarnación,Edwin,E Encarnación,141,TOR,Toronto Blue Jays,Blue Jays,AL,103,DH,Designated Hitter,DH,624,294,224,0,10,.267,70,9,14,89,2517,4.034,.123,.157,.063,.786,.280,3,1,78,1086,251,440,52,31,133,33,1,80,32,146,161,94,31,0,39,98,77,5,146,.277,528,.372,.557,.929,2,3,.600,14,111,0.83,0,13.54
2015,448801,Chris Davis,player,9,Chris Davis,Christopher,Davis,Chris,C Davis,110,BAL,Baltimore Orioles,Orioles,AL,103,1B,First Base,1B,670,322,238,0,5,.319,78,8,6,72,2786,4.158,.125,.310,.070,.404,.300,4,3,71,1314,469,370,18,28,103,41,0,83,26,160,117,100,31,0,47,208,84,6,150,.262,573,.361,.562,.923,3,2,.400,6,117,0.88,0,12.19
2015,430832,José Bautista,player,10,José Bautista,José,Bautista,José,J Bautista,141,TOR,Toronto Blue Jays,Blue Jays,AL,103,RF,Outfielder,RF,666,291,224,0,8,.237,72,5,19,90,2741,4.116,.165,.159,.060,1.038,.285,2,0,98,1078,220,445,47,40,124,27,1,65,43,153,185,108,29,3,40,106,110,2,136,.250,543,.377,.536,.913,2,8,.800,19,114,0.67,0,13.58
2015,120074,David Ortiz,player,10,David Ortiz,David,Ortiz,David,D Ortiz,111,BOS,Boston Red Sox,Red Sox,AL,103,DH,Designated Hitter,DH,614,292,244,0,9,.264,74,0,16,87,2488,4.052,.125,.155,.060,.811,.280,5,0,77,1110,258,442,33,48,140,36,3,79,26,146,158,73,37,0,37,95,77,16,144,.273,528,.360,.553,.913,1,0,.000,16,108,0.89,0,14.27
2015,519203,Anthony Rizzo,player,12,Anthony Rizzo,Anthony,Rizzo,Anthony,A Rizzo,112,CHC,Chicago Cubs,Cubs,NL,104,1B,First Base,1B,701,300,225,0,7,.289,72,30,9,112,2751,3.924,.111,.150,.044,.743,.234,5,0,98,1258,242,488,46,43,138,29,1,97,36,160,187,94,38,3,31,105,78,9,163,.278,586,.387,.512,.899,6,17,.739,9,101,0.74,0,18.90
2015,571448,Nolan Arenado,player,13,Nolan Arenado,Nolan,Arenado,Nolan,N Arenado,115,COL,Colorado Rockies,Rockies,NL,104,3B,Third Base,3B,665,354,237,0,11,.284,89,4,17,105,2322,3.492,.051,.165,.063,.309,.287,4,1,93,1232,260,517,52,59,136,28,0,105,44,157,204,97,43,4,42,110,34,13,177,.287,616,.323,.575,.898,5,2,.286,17,130,0.67,0,14.67
2015,444482,David Peralta,player,14,David Peralta,Senger,Peralta,David,D Peralta,109,AZ,Arizona Diamondbacks,D-backs,NL,104,LF,Outfielder,RF,517,241,186,0,7,.368,53,4,7,63,1923,3.720,.085,.207,.033,.411,.210,4,0,38,909,223,362,11,32,137,9,0,80,55,149,81,61,26,10,17,107,44,2,144,.312,462,.371,.522,.893,4,9,.692,7,78,1.69,0,27.18
2015,457705,Andrew McCutchen,player,15,Andrew McCutchen,Andrew,McCutchen,Andrew,A McCutchen,134,PIT,Pittsburgh Pirates,Pirates,NL,104,CF,Outfielder,RF,685,276,202,0,9,.339,62,12,9,96,2780,4.058,.143,.194,.034,.737,.196,5,1,83,1205,315,442,21,51,122,22,0,94,49,157,155,91,36,3,23,133,98,12,165,.292,566,.401,.488,.889,5,11,.688,9,96,0.79,0,24.61
2015,502110,J.D. Martinez,player,16,J.D. Martinez,Julio,Martinez,J.D.,J Martinez,116,DET,Detroit Tigers,Tigers,AL,103,RF,Outfielder,DH,657,319,260,0,3,.339,73,5,11,100,2605,3.965,.081,.271,.058,.298,.253,4,0,100,1372,423,421,17,37,99,35,1,87,45,158,154,93,33,2,38,178,53,7,168,.282,596,.344,.535,.879,2,3,.600,11,102,0.64,0,15.68
2015,572761,Matt Carpenter,player,17,Matt Carpenter,Matthew,Carpenter,Matt,M Carpenter,138,STL,St. Louis Cardinals,Cardinals,NL,104,3B,Third Base,DH,665,290,169,0,4,.321,75,6,5,70,2807,4.221,.122,.227,.042,.536,.233,4,1,96,1083,235,427,11,60,104,28,0,97,31,154,167,101,44,3,28,151,81,5,156,.272,574,.365,.505,.870,3,4,.571,5,84,0.62,0,20.50
2015,493316,Yoenis Cespedes,player,17,Yoenis Cespedes,Yoenis,Cespedes,Yoenis,Y Cespedes,121,NYM,New York Mets,Mets,NL,104,CF,Outfielder,LF,676,343,253,0,5,.323,83,5,14,107,2722,4.027,.049,.209,.052,.234,.251,6,0,94,1331,315,497,27,36,156,23,1,103,57,159,157,101,42,6,35,141,33,5,184,.291,633,.328,.542,.870,5,7,.583,14,105,0.99,0,18.09
2015,471865,Carlos González,player,19,Carlos González,Carlos,González,Carlos,C González,115,COL,Colorado Rockies,Rockies,NL,104,RF,Outfielder,RF,608,299,213,1,6,.284,67,1,11,81,2235,3.676,.076,.219,.066,.346,.269,2,2,50,1190,366,428,25,43,160,22,1,80,47,153,118,87,25,2,40,133,46,6,150,.271,554,.325,.540,.865,0,2,1.000,11,97,1.36,0,13.85
2015,572041,AJ Pollock,player,19,AJ Pollock,Allen,Pollock,AJ,A Pollock,109,AZ,Arizona Diamondbacks,D-backs,NL,104,CF,Outfielder,CF,673,303,213,0,9,.338,65,2,19,103,2361,3.508,.079,.132,.030,.596,.182,5,0,62,1085,183,529,30,58,187,10,1,98,83,157,150,111,39,6,20,89,53,0,192,.315,609,.367,.498,.865,7,39,.848,19,76,1.25,0,30.45
2015,592518,Manny Machado,player,21,Manny Machado,Manuel,Machado,Manny,M Machado,110,BAL,Baltimore Orioles,Orioles,AL,103,3B,Third Base,3B,713,318,193,2,4,.297,66,4,17,69,2789,3.912,.098,.156,.049,.631,.216,6,1,84,1199,211,528,47,46,170,24,1,85,71,162,177,102,30,1,35,111,70,2,181,.286,633,.359,.502,.861,8,20,.714,17,86,0.96,0,18.09
2015,488726,Michael Brantley,player,22,Michael Brantley,Michael,Brantley,Michael,M Brantley,114,CLE,Cleveland Indians,Indians,AL,103,LF,Outfielder,DH,596,254,223,0,5,.318,60,2,14,110,2149,3.606,.101,.086,.025,1.176,.170,2,1,74,907,79,483,23,59,163,13,2,90,59,137,156,68,45,0,15,51,60,8,164,.310,529,.379,.480,.859,1,15,.938,14,84,1.04,0,35.27
2015,592178,Kris Bryant,player,23,Kris Bryant,Kristopher,Bryant,Kris,K Bryant,112,CHC,Chicago Cubs,Cubs,NL,104,3B,Third Base,RF,650,273,237,0,5,.378,62,9,7,86,2651,4.078,.118,.306,.040,.387,.213,6,2,82,1297,462,365,26,18,85,31,1,81,41,151,126,87,31,5,26,199,77,0,154,.275,559,.369,.488,.857,4,13,.765,7,99,0.67,0,21.50
2015,460075,Ryan Braun,player,24,Ryan Braun,Ryan,Braun,Ryan,R Braun,158,MIL,Milwaukee Brewers,Brewers,NL,104,RF,Outfielder,LF,568,252,187,0,3,.322,55,4,20,89,2141,3.769,.095,.202,.044,.470,.213,6,0,55,1075,245,394,13,34,148,17,0,73,54,140,102,87,27,3,25,115,54,4,144,.285,506,.356,.498,.854,4,24,.857,20,84,1.45,1,20.24
2015,547989,José Abreu,player,25,José Abreu,José,Abreu,José,J Abreu,145,CWS,Chicago White Sox,White Sox,AL,103,1B,First Base,1B,668,308,218,0,1,.333,67,15,16,95,2526,3.781,.058,.210,.045,.279,.212,3,0,55,1229,306,474,32,43,166,23,1,90,64,154,130,88,34,3,30,140,39,11,178,.290,613,.347,.502,.849,0,0,.---,16,101,1.28,0,20.43
2016,120074,David Ortiz,player,1,David Ortiz,David,Ortiz,David,D Ortiz,111,BOS,Boston Red Sox,Red Sox,AL,103,DH,Designated Hitter,DH,626,333,223,0,7,.312,87,2,22,120,2478,3.958,.128,.137,.061,.930,.305,2,1,85,1075,207,458,36,36,132,45,4,97,23,151,157,79,48,1,38,86,80,15,169,.315,537,.401,.620,1.021,0,2,1.000,22,127,0.84,0,14.13
2016,545361,Mike Trout,player,2,Mike Trout,Michael,Trout,Mike,M Trout,108,LAA,Los Angeles Angels,Angels,AL,103,CF,Outfielder,CF,681,302,208,0,5,.371,66,11,5,103,3014,4.426,.170,.201,.043,.847,.235,7,0,72,1154,239,417,14,37,121,34,0,84,55,159,123,123,32,5,29,137,116,12,173,.315,549,.441,.550,.991,7,30,.811,5,100,0.98,0,18.93
2016,502517,Daniel Murphy,player,3,Daniel Murphy,Daniel,Murphy,Daniel,D Murphy,120,WSH,Washington Nationals,Nationals,NL,104,2B,Second Base,2B,582,316,190,0,8,.348,77,8,4,103,2079,3.572,.060,.098,.043,.614,.249,1,0,92,956,115,482,33,56,117,36,0,84,64,142,181,88,47,5,25,57,35,10,184,.347,531,.390,.595,.985,3,5,.625,4,104,0.65,0,21.24
2016,458015,Joey Votto,player,4,Joey Votto,Joseph,Votto,Joey,J Votto,113,CIN,Cincinnati Reds,Reds,NL,104,1B,First Base,1B,677,306,191,0,8,.366,65,5,16,89,2896,4.278,.160,.177,.043,.900,.225,1,1,62,1197,223,444,5,52,144,24,1,104,52,158,119,101,34,2,29,120,108,15,181,.326,556,.434,.550,.984,1,8,.889,16,97,1.21,0,19.17
2016,518692,Freddie Freeman,player,5,Freddie Freeman,Frederick,Freeman,Freddie,F Freeman,144,ATL,Atlanta Braves,Braves,NL,104,1B,First Base,1B,693,335,217,0,5,.370,83,10,12,105,2779,4.010,.128,.247,.049,.520,.267,3,1,84,1426,422,423,21,38,102,34,0,111,33,158,143,102,43,6,34,171,89,18,178,.302,589,.400,.569,.969,1,6,.857,12,91,0.71,0,17.32
2016,408234,Miguel Cabrera,player,6,Miguel Cabrera,Jose,Cabrera,Miguel,M Cabrera,116,DET,Detroit Tigers,Tigers,AL,103,1B,First Base,1B,679,335,243,0,5,.336,70,4,26,101,2510,3.697,.110,.171,.056,.647,.247,2,0,76,1222,275,484,20,49,151,37,1,93,57,158,145,92,31,1,38,116,75,15,188,.316,595,.393,.563,.956,0,0,.---,26,108,1.04,0,15.66
2016,518626,Josh Donaldson,player,7,Josh Donaldson,Joshua,Donaldson,Josh,J Donaldson,141,TOR,Toronto Blue Jays,Blue Jays,AL,103,3B,Third Base,3B,700,317,212,2,3,.300,74,9,16,104,2952,4.217,.156,.170,.053,.916,.265,4,0,77,1230,297,463,48,36,138,37,1,81,45,155,161,122,32,5,37,119,109,6,164,.284,577,.404,.549,.953,1,7,.875,16,99,0.86,0,15.60
2016,592178,Kris Bryant,player,8,Kris Bryant,Kristopher,Bryant,Kris,K Bryant,112,CHC,Chicago Cubs,Cubs,NL,104,3B,Third Base,RF,699,334,271,0,3,.332,77,18,3,109,2699,3.861,.107,.220,.056,.487,.262,6,0,98,1309,368,452,39,38,101,43,1,88,44,155,175,121,35,3,39,154,75,5,176,.292,603,.385,.554,.939,5,8,.615,3,102,0.58,0,15.46
2016,453568,Charlie Blackmon,player,9,Charlie Blackmon,Charles,Blackmon,Charlie,C Blackmon,115,COL,Colorado Rockies,Rockies,NL,104,CF,Outfielder,RF,641,319,157,3,4,.350,69,13,2,57,2614,4.078,.067,.159,.045,.422,.228,3,0,82,1220,208,483,34,52,128,25,1,117,44,143,168,111,35,5,29,102,43,4,187,.324,578,.381,.552,.933,9,17,.654,2,82,0.76,0,19.93
2016,571448,Nolan Arenado,player,10,Nolan Arenado,Nolan,Arenado,Nolan,N Arenado,115,COL,Colorado Rockies,Rockies,NL,104,3B,Third Base,3B,696,352,248,0,8,.293,82,2,17,113,2743,3.941,.098,.148,.059,.660,.275,3,0,98,1319,249,523,55,46,142,37,1,100,44,160,199,116,35,6,41,103,68,10,182,.294,618,.362,.570,.932,3,2,.400,17,133,0.71,0,15.07
2016,519203,Anthony Rizzo,player,11,Anthony Rizzo,Anthony,Rizzo,Anthony,A Rizzo,112,CHC,Chicago Cubs,Cubs,NL,104,1B,First Base,1B,676,317,285,0,3,.309,79,16,13,135,2656,3.929,.109,.160,.047,.685,.252,1,1,96,1187,236,478,40,32,140,32,2,93,43,155,168,94,43,4,32,108,74,8,170,.292,583,.385,.544,.929,5,3,.375,13,109,0.83,0,18.22
2016,514888,Jose Altuve,player,12,Jose Altuve,Jose,Altuve,Jose,J Altuve,117,HOU,Houston Astros,Astros,AL,103,2B,Second Base,2B,717,340,202,3,7,.347,71,7,15,111,2474,3.450,.084,.098,.033,.857,.194,7,0,106,1196,184,580,25,54,179,23,0,120,73,161,185,108,42,5,24,70,60,11,216,.338,640,.396,.531,.927,10,30,.750,15,96,0.97,0,26.67
2016,443558,Nelson Cruz,player,13,Nelson Cruz,Nelson,Cruz,Nelson,N Cruz,136,SEA,Seattle Mariners,Mariners,AL,103,DH,Designated Hitter,DH,667,327,273,0,7,.320,71,9,15,91,2732,4.096,.093,.238,.064,.390,.268,5,0,71,1296,377,437,30,20,147,32,2,87,48,155,121,96,27,1,43,159,62,5,169,.287,589,.360,.555,.915,0,2,1.000,15,105,1.21,0,13.70
2016,518934,DJ LeMahieu,player,14,DJ LeMahieu,David,LeMahieu,DJ,D LeMahieu,115,COL,Colorado Rockies,Rockies,NL,104,2B,Second Base,3B,635,273,188,8,6,.388,51,3,19,92,2577,4.058,.104,.126,.017,.825,.147,4,0,41,1075,125,486,16,61,176,8,0,103,81,146,118,104,32,8,11,80,66,2,192,.348,552,.416,.495,.911,7,11,.611,19,66,1.49,0,50.18
2016,502110,J.D. Martinez,player,15,J.D. Martinez,Julio,Martinez,J.D.,J Martinez,116,DET,Detroit Tigers,Tigers,AL,103,RF,Outfielder,DH,517,246,195,0,5,.378,59,3,13,66,2022,3.911,.095,.248,.043,.383,.228,4,0,65,1059,310,337,13,18,100,20,0,76,45,120,96,69,35,2,22,128,49,2,141,.307,460,.373,.535,.908,2,1,.333,13,68,1.04,0,20.91
2016,460075,Ryan Braun,player,16,Ryan Braun,Ryan,Braun,Ryan,R Braun,158,MIL,Milwaukee Brewers,Brewers,NL,104,LF,Outfielder,LF,564,275,197,0,3,.326,56,4,20,88,2105,3.732,.082,.174,.053,.469,.233,6,0,45,1072,224,416,17,20,178,23,1,74,58,135,82,80,23,3,30,98,46,10,156,.305,511,.365,.538,.903,5,16,.762,20,91,2.17,0,17.03
2016,502671,Paul Goldschmidt,player,17,Paul Goldschmidt,Paul,Goldschmidt,Paul,P Goldschmidt,109,AZ,Arizona Diamondbacks,D-backs,NL,104,1B,First Base,1B,705,283,218,0,8,.358,60,7,14,84,3012,4.272,.156,.213,.034,.733,.192,5,1,54,1158,264,437,24,36,151,29,0,87,56,158,114,106,33,3,24,150,110,15,172,.297,579,.411,.489,.900,5,32,.865,14,95,1.32,1,24.12
2016,605141,Mookie Betts,player,18,Mookie Betts,Markus,Betts,Mookie,M Betts,111,BOS,Boston Red Sox,Red Sox,AL,103,RF,Outfielder,SS,730,359,236,0,7,.322,78,2,12,129,2709,3.711,.067,.110,.042,.613,.216,6,0,107,1116,159,599,58,51,169,33,2,98,81,158,216,122,42,5,31,80,49,1,214,.318,672,.363,.534,.897,4,26,.867,12,113,0.78,0,21.68
2016,572821,Brian Dozier,player,19,Brian Dozier,James,Dozier,Brian,B Dozier,142,MIN,Minnesota Twins,Twins,AL,103,2B,Second Base,2B,691,336,243,2,5,.280,82,8,12,86,2788,4.035,.088,.200,.061,.442,.278,5,1,104,1211,283,484,59,30,126,45,1,66,53,155,193,104,35,5,42,138,61,6,165,.268,615,.340,.546,.886,2,18,.900,12,99,0.65,0,14.64
2016,429665,Edwin Encarnación,player,19,Edwin Encarnación,Edwin,Encarnación,Edwin,E Encarnación,141,TOR,Toronto Blue Jays,Blue Jays,AL,103,DH,Designated Hitter,DH,702,318,292,0,8,.270,76,5,22,116,2900,4.131,.124,.197,.060,.630,.266,4,2,91,1231,290,471,43,31,148,32,1,92,33,160,165,99,34,0,42,138,87,3,158,.263,601,.357,.529,.886,0,2,1.000,22,127,0.90,1,14.31
2016,572761,Matt Carpenter,player,21,Matt Carpenter,Matthew,Carpenter,Matt,M Carpenter,138,STL,St. Louis Cardinals,Cardinals,NL,104,3B,Third Base,DH,566,239,154,3,4,.307,63,5,4,53,2390,4.223,.143,.191,.037,.750,.235,2,1,102,914,176,372,11,33,98,24,0,80,24,129,146,81,36,6,21,108,81,6,128,.271,473,.380,.505,.885,4,0,.000,4,68,0.67,0,22.52
2016,493316,Yoenis Cespedes,player,22,Yoenis Cespedes,Yoenis,Cespedes,Yoenis,Y Cespedes,121,NYM,New York Mets,Mets,NL,104,LF,Outfielder,LF,543,254,194,0,6,.298,57,7,14,87,2193,4.039,.094,.199,.057,.472,.251,3,1,72,1030,254,377,32,34,105,26,2,69,37,132,138,72,25,1,31,108,51,8,134,.280,479,.354,.530,.884,1,3,.750,14,86,0.76,0,15.45
2016,429664,Robinson Canó,player,23,Robinson Canó,Robinson,Canó,Robinson,R Canó,136,SEA,Seattle Mariners,Mariners,AL,103,2B,Second Base,2B,715,349,270,0,5,.299,74,8,18,135,2544,3.558,.066,.140,.055,.470,.235,2,1,86,1293,224,560,37,49,193,32,1,95,67,161,172,107,33,2,39,100,47,8,195,.298,655,.350,.533,.883,1,0,.000,18,103,1.12,0,16.80
2016,134181,Adrian Beltré,player,24,Adrian Beltré,Adrian,Beltré,Adrian,A Beltré,140,TEX,Texas Rangers,Rangers,AL,103,3B,Third Base,3B,640,304,238,0,3,.293,64,6,10,102,2443,3.817,.075,.103,.050,.727,.221,7,1,99,1189,181,520,48,41,157,26,2,90,57,153,188,89,31,1,32,66,48,6,175,.300,583,.358,.521,.879,1,1,.500,10,104,0.84,0,18.22
2016,608369,Corey Seager,player,25,Corey Seager,Corey,Seager,Corey,C Seager,119,LAD,Los Angeles Dodgers,Dodgers,NL,104,SS,Shortstop,SS,687,321,216,0,2,.355,71,4,12,106,2512,3.656,.079,.194,.038,.406,.204,3,0,72,1320,308,496,15,44,172,27,0,104,62,157,131,105,40,5,26,133,54,5,193,.308,627,.365,.512,.877,3,3,.500,12,72,1.31,0,24.12
2017,545361,Mike Trout,player,1,Mike Trout,Michael,Trout,Mike,M Trout,108,LAA,Los Angeles Angels,Angels,AL,103,CF,Outfielder,CF,507,253,133,0,4,.318,61,7,8,63,2127,4.195,.185,.178,.065,1.044,.323,4,0,54,801,146,316,30,28,81,38,1,46,38,114,112,92,25,3,33,90,94,15,123,.306,402,.442,.629,1.071,4,22,.846,8,72,0.72,0,12.18
2017,592450,Aaron Judge,player,2,Aaron Judge,Aaron,Judge,Aaron,A Judge,147,NYY,New York Yankees,Yankees,AL,103,RF,Outfielder,CF,678,340,248,0,4,.357,79,5,15,84,2989,4.409,.187,.307,.077,.611,.343,2,0,66,1228,429,338,18,15,85,46,0,74,34,155,99,128,24,3,52,208,127,11,154,.284,542,.422,.627,1.049,4,9,.692,15,114,0.86,0,10.42
2017,458015,Joey Votto,player,3,Joey Votto,Joseph,Votto,Joey,J Votto,113,CIN,Cincinnati Reds,Reds,NL,104,1B,First Base,1B,707,323,183,0,6,.321,71,8,16,114,2733,3.866,.190,.117,.051,1.614,.258,2,0,101,1144,176,482,7,50,145,43,2,88,46,162,158,106,34,1,36,83,134,20,179,.320,559,.454,.578,1.032,1,5,.833,16,100,0.92,0,15.53
2017,519317,Giancarlo Stanton,player,4,Giancarlo Stanton,Giancarlo,Stanton,Giancarlo,G Stanton,146,MIA,Miami Marlins,Marlins,NL,104,RF,Outfielder,DH,692,377,239,0,3,.288,91,7,13,90,2736,3.954,.123,.236,.085,.521,.350,5,0,43,1174,373,437,47,27,152,55,0,70,43,159,117,123,32,0,59,163,85,13,168,.281,597,.376,.631,1.007,2,2,.500,13,132,1.30,0,10.12
2017,453568,Charlie Blackmon,player,5,Charlie Blackmon,Charles,Blackmon,Charlie,C Blackmon,115,COL,Colorado Rockies,Rockies,NL,104,CF,Outfielder,RF,725,387,150,3,3,.371,86,10,4,54,2884,3.978,.090,.186,.051,.481,.270,8,0,77,1334,252,515,27,49,149,57,1,90,65,159,153,137,35,14,37,135,65,9,213,.331,644,.399,.601,1.000,10,14,.583,4,104,0.97,0,17.40
2017,518692,Freddie Freeman,player,6,Freddie Freeman,Frederick,Freeman,Freddie,F Freeman,144,ATL,Atlanta Braves,Braves,NL,104,1B,First Base,1B,514,258,157,0,2,.335,65,7,9,71,1929,3.753,.126,.185,.054,.684,.280,3,0,70,1020,254,347,10,39,93,45,0,57,33,117,119,84,35,2,28,95,65,14,135,.307,440,.403,.586,.989,5,8,.615,9,71,0.78,0,15.71
2017,502671,Paul Goldschmidt,player,7,Paul Goldschmidt,Paul,Goldschmidt,Paul,P Goldschmidt,109,AZ,Arizona Diamondbacks,D-backs,NL,104,1B,First Base,1B,665,314,238,0,4,.343,73,8,14,88,2762,4.153,.141,.221,.054,.639,.265,6,0,64,1130,299,415,17,39,129,42,0,64,60,155,120,117,34,3,36,147,94,15,166,.297,558,.404,.563,.967,5,18,.783,14,120,1.08,1,15.50
2017,571448,Nolan Arenado,player,8,Nolan Arenado,Nolan,Arenado,Nolan,N Arenado,115,COL,Colorado Rockies,Rockies,NL,104,3B,Third Base,3B,680,355,244,1,6,.320,87,4,21,120,2627,3.863,.091,.156,.054,.585,.277,4,3,90,1266,294,507,46,54,130,52,0,88,47,159,190,100,43,7,37,106,62,9,187,.309,606,.373,.586,.959,2,3,.600,21,130,0.68,1,16.38
2017,514888,Jose Altuve,player,9,Jose Altuve,Jose,Altuve,Jose,J Altuve,117,HOU,Houston Astros,Astros,AL,103,2B,Second Base,2B,662,323,215,1,4,.370,67,9,19,118,2308,3.486,.088,.127,.036,.690,.202,3,0,75,1099,185,511,26,46,160,34,0,83,87,153,147,112,39,4,24,84,58,3,204,.346,590,.410,.547,.957,6,32,.842,19,81,1.09,0,24.58
2017,608070,José Ramírez,player,9,José Ramírez,José,Ramírez,José,J Ramírez,114,CLE,Cleveland Indians,Indians,AL,103,3B,Third Base,3B,645,341,227,0,5,.319,91,3,13,113,2576,3.994,.081,.107,.045,.754,.265,4,0,90,1116,152,521,40,51,154,37,0,93,56,152,181,107,56,6,29,69,52,5,186,.318,585,.374,.583,.957,5,17,.773,13,83,0.85,0,20.17
2017,592178,Kris Bryant,player,11,Kris Bryant,Kristopher,Bryant,Kris,K Bryant,112,CHC,Chicago Cubs,Cubs,NL,104,3B,Third Base,RF,665,295,220,0,6,.334,71,15,8,84,2652,3.988,.143,.192,.044,.742,.242,5,0,90,1205,290,427,28,27,120,40,0,80,42,151,145,111,38,4,29,128,95,5,162,.295,549,.409,.537,.946,5,7,.583,8,73,0.83,0,18.93
2017,457759,Justin Turner,player,12,Justin Turner,Justin,Turner,Justin,J Turner,119,LAD,Los Angeles Dodgers,Dodgers,NL,104,3B,Third Base,1B,543,242,180,1,7,.326,53,19,12,107,2030,3.738,.109,.103,.039,1.054,.208,2,1,107,889,140,409,20,38,97,32,1,78,36,130,165,72,32,0,21,56,59,5,147,.322,457,.415,.530,.945,1,7,.875,12,71,0.59,0,21.76
2017,543685,Anthony Rendon,player,13,Anthony Rendon,Anthony,Rendon,Anthony,A Rendon,120,WSH,Washington Nationals,Nationals,NL,104,3B,Third Base,3B,605,271,201,0,6,.314,67,7,7,78,2645,4.372,.139,.136,.041,1.024,.232,2,0,106,1068,152,432,34,41,98,33,0,70,50,147,181,81,41,1,25,82,84,6,153,.301,508,.403,.533,.936,2,7,.778,7,100,0.54,0,20.32
2017,641355,Cody Bellinger,player,14,Cody Bellinger,Cody,Bellinger,Cody,C Bellinger,119,LAD,Los Angeles Dodgers,Dodgers,NL,104,1B,First Base,CF,548,279,224,0,3,.299,69,1,5,70,2205,4.024,.117,.266,.071,.438,.315,2,1,64,978,318,337,32,29,84,37,0,49,42,132,125,87,26,4,39,146,64,13,128,.267,480,.352,.581,.933,3,10,.769,5,97,0.67,0,12.31
2017,446359,Zack Cozart,player,14,Zack Cozart,Zachary,Cozart,Zack,Z Cozart,113,CIN,Cincinnati Reds,Reds,NL,104,SS,Shortstop,SS,507,240,140,0,4,.312,55,3,5,53,2125,4.191,.122,.154,.047,.795,.251,5,0,71,868,139,364,26,36,101,29,2,59,40,122,133,80,24,7,24,78,62,0,130,.297,438,.385,.548,.933,0,3,1.000,5,63,0.76,0,18.25
2017,502054,Tommy Pham,player,16,Tommy Pham,Thomas,Pham,Tommy,T Pham,138,STL,St. Louis Cardinals,Cardinals,NL,104,LF,Outfielder,LF,530,231,182,2,3,.368,47,10,18,88,2120,4.000,.134,.221,.043,.607,.214,6,1,36,802,168,332,11,24,125,21,0,65,50,128,71,95,22,2,23,117,71,0,136,.306,444,.411,.520,.931,7,25,.781,18,73,1.76,0,19.30
2017,475582,Ryan Zimmerman,player,16,Ryan Zimmerman,Ryan,Zimmerman,Ryan,R Zimmerman,120,WSH,Washington Nationals,Nationals,NL,104,1B,First Base,3B,576,300,246,0,5,.335,69,3,16,86,2222,3.858,.076,.219,.063,.349,.269,3,0,56,985,240,403,21,32,135,33,1,71,54,144,109,90,33,0,36,126,44,1,159,.303,524,.358,.573,.931,0,1,1.000,16,108,1.24,0,14.56
2017,502517,Daniel Murphy,player,18,Daniel Murphy,Daniel,Murphy,Daniel,D Murphy,120,WSH,Washington Nationals,Nationals,NL,104,2B,Second Base,2B,593,290,182,0,3,.341,69,4,16,110,2174,3.666,.088,.130,.039,.675,.221,1,2,87,1024,140,460,36,56,109,30,2,96,44,144,179,94,43,3,23,77,52,14,172,.322,534,.384,.543,.927,0,2,1.000,16,93,0.61,0,23.22
2017,443558,Nelson Cruz,player,19,Nelson Cruz,Nelson,Cruz,Nelson,N Cruz,136,SEA,Seattle Mariners,Mariners,AL,103,DH,Designated Hitter,DH,645,305,224,0,7,.315,67,12,15,89,2474,3.836,.109,.217,.060,.500,.261,3,3,81,1167,356,423,25,34,123,37,0,72,51,155,140,91,28,0,39,140,70,7,160,.288,556,.375,.549,.924,1,1,.500,15,119,0.88,0,14.26
2017,542303,Marcell Ozuna,player,19,Marcell Ozuna,Marcell,Ozuna,Marcell,M Ozuna,146,MIA,Miami Marlins,Marlins,NL,104,LF,Outfielder,DH,679,336,258,0,2,.355,69,0,18,112,2560,3.770,.094,.212,.054,.444,.237,1,1,68,1269,341,471,30,35,147,33,1,82,75,159,133,93,30,2,37,144,64,4,191,.312,613,.376,.548,.924,3,1,.250,18,124,1.11,0,16.57
2017,503556,Marwin Gonzalez,player,21,Marwin Gonzalez,Marwin,Gonzalez,Marwin,M Gonzalez,117,HOU,Houston Astros,Astros,AL,103,LF,Outfielder,SS,515,241,170,3,2,.343,57,6,8,75,2114,4.105,.095,.192,.045,.495,.226,1,0,52,891,182,361,28,22,121,29,0,69,40,134,102,67,34,0,23,99,49,4,138,.303,455,.377,.530,.907,3,8,.727,8,90,1.19,0,19.78
2017,547989,José Abreu,player,22,José Abreu,José,Abreu,José,J Abreu,145,CWS,Chicago White Sox,White Sox,AL,103,1B,First Base,1B,675,343,222,0,4,.330,82,15,21,108,2560,3.793,.052,.176,.049,.294,.248,7,1,73,1234,278,506,33,52,159,31,1,90,67,156,158,95,43,6,33,119,35,6,189,.304,621,.354,.552,.906,0,3,1.000,21,102,1.01,0,18.82
2017,457708,Justin Upton,player,23,Justin Upton,Justin,Upton,Justin,J Upton,108,LAA,Los Angeles Angels,Angels,AL,103,LF,Outfielder,LF,635,301,231,0,1,.341,79,3,9,80,2695,4.244,.117,.283,.055,.411,.268,5,2,67,1196,365,378,30,24,105,44,0,68,40,152,121,100,44,0,35,180,74,3,152,.273,557,.361,.540,.901,5,14,.737,9,109,0.87,0,15.91
2017,519203,Anthony Rizzo,player,24,Anthony Rizzo,Anthony,Rizzo,Anthony,A Rizzo,112,CHC,Chicago Cubs,Cubs,NL,104,1B,First Base,1B,691,290,272,0,4,.273,67,24,21,128,2723,3.941,.132,.130,.046,1.011,.234,0,1,88,1261,231,486,39,37,166,35,2,87,32,157,164,99,32,3,32,90,91,11,156,.273,572,.392,.507,.899,4,10,.714,21,109,1.01,0,17.88
2017,543807,George Springer,player,25,George Springer,George,Springer,George,G Springer,117,HOU,Houston Astros,Astros,AL,103,CF,Outfielder,RF,629,286,163,0,4,.297,63,11,11,58,2550,4.054,.102,.176,.054,.577,.239,8,1,62,1141,265,441,28,40,156,30,0,69,56,140,130,112,29,0,34,111,64,1,155,.283,548,.367,.522,.889,7,5,.417,11,85,1.20,2,16.12
2018,545361,Mike Trout,player,1,Mike Trout,Michael,Trout,Mike,M Trout,108,LAA,Los Angeles Angels,Angels,AL,103,CF,Outfielder,CF,608,296,139,0,4,.346,67,10,5,68,2543,4.183,.201,.204,.064,.984,.316,3,0,71,956,178,351,25,33,75,46,0,66,35,140,129,101,24,4,39,124,122,25,147,.312,471,.460,.628,1.088,2,24,.923,5,79,0.58,1,12.08
2018,605141,Mookie Betts,player,2,Mookie Betts,Markus,Betts,Mookie,M Betts,111,BOS,Boston Red Sox,Red Sox,AL,103,RF,Outfielder,SS,614,333,142,0,5,.368,84,8,5,63,2582,4.205,.132,.148,.052,.890,.294,5,1,93,920,143,434,33,35,93,44,0,80,56,136,161,129,47,5,32,91,81,8,180,.346,520,.438,.640,1.078,6,30,.833,5,80,0.58,0,16.25
2018,502110,J.D. Martinez,player,3,J.D. Martinez,Julio,Martinez,J.D.,J Martinez,111,BOS,Boston Red Sox,Red Sox,AL,103,DH,Designated Hitter,DH,649,358,216,0,7,.375,82,4,19,99,2519,3.881,.106,.225,.066,.473,.299,7,0,63,1268,357,430,9,44,126,47,0,76,65,150,116,111,37,2,43,146,69,11,188,.330,569,.402,.629,1.031,1,6,.857,19,130,1.09,0,13.23
2018,592885,Christian Yelich,player,4,Christian Yelich,Christian,Yelich,Christian,C Yelich,158,MIL,Milwaukee Brewers,Brewers,NL,104,LF,Outfielder,LF,651,343,220,0,2,.373,77,7,14,98,2532,3.889,.104,.207,.055,.504,.272,6,1,38,1114,256,441,13,34,169,36,0,87,64,147,85,118,34,7,36,135,68,2,187,.326,574,.402,.598,1.000,4,22,.846,14,110,1.99,0,15.94
2018,608070,José Ramírez,player,5,José Ramírez,José,Ramírez,José,J Ramírez,114,CLE,Cleveland Indians,Indians,AL,103,3B,Third Base,3B,698,319,235,0,6,.252,81,8,2,122,3002,4.301,.152,.115,.056,1.325,.282,5,0,107,1156,158,504,58,50,133,50,0,68,38,157,215,110,38,4,39,80,106,15,156,.270,578,.387,.552,.939,6,34,.850,2,105,0.62,0,14.82
2018,571448,Nolan Arenado,player,6,Nolan Arenado,Nolan,Arenado,Nolan,N Arenado,115,COL,Colorado Rockies,Rockies,NL,104,3B,Third Base,3B,673,331,234,1,6,.314,78,3,16,107,2592,3.851,.108,.181,.056,.598,.264,3,0,73,1292,318,475,41,49,137,43,0,77,55,156,163,104,38,2,38,122,73,10,175,.297,590,.374,.561,.935,2,2,.500,16,110,0.84,0,15.53
2018,608324,Alex Bregman,player,7,Alex Bregman,Alexander,Bregman,Alex,A Bregman,117,HOU,Houston Astros,Astros,AL,103,3B,Third Base,3B,705,316,215,0,3,.289,83,12,15,108,2821,4.001,.136,.121,.044,1.129,.246,3,4,97,1047,135,512,52,57,136,39,3,82,46,157,206,105,51,1,31,85,96,2,170,.286,594,.394,.532,.926,4,10,.714,15,103,0.66,0,19.16
2018,502671,Paul Goldschmidt,player,8,Paul Goldschmidt,Paul,Goldschmidt,Paul,P Goldschmidt,109,AZ,Arizona Diamondbacks,D-backs,NL,104,1B,First Base,1B,690,316,231,0,0,.359,73,6,7,85,2905,4.210,.130,.251,.048,.520,.243,9,0,55,1233,326,420,36,36,121,41,1,88,42,158,127,95,35,5,33,173,90,11,172,.290,593,.389,.533,.922,4,7,.636,7,83,0.95,1,17.97
2018,596115,Trevor Story,player,9,Trevor Story,Trevor,Story,Trevor,T Story,115,COL,Colorado Rockies,Rockies,NL,104,SS,Shortstop,SS,656,339,274,0,4,.345,85,7,12,88,2555,3.895,.072,.256,.056,.280,.276,6,1,84,1285,320,434,29,44,103,42,2,79,51,157,157,88,42,6,37,168,47,3,174,.291,598,.348,.567,.915,6,27,.818,12,108,0.66,0,16.16
2018,543685,Anthony Rendon,player,10,Anthony Rendon,Anthony,Rendon,Anthony,A Rendon,120,WSH,Washington Nationals,Nationals,NL,104,3B,Third Base,3B,597,283,230,0,8,.323,70,5,5,103,2365,3.961,.092,.137,.040,.671,.227,2,0,94,1127,157,455,37,53,108,33,2,87,41,136,184,88,44,2,24,82,55,5,163,.308,529,.374,.535,.909,1,2,.667,5,92,0.59,0,22.04
2018,592518,Manny Machado,player,11,Manny Machado,Manuel,Machado,Manny,M Machado,119,LAD,Los Angeles Dodgers,Dodgers,NL,104,SS,Shortstop,3B,709,340,259,0,5,.304,75,2,26,140,2529,3.567,.099,.147,.052,.673,.241,2,0,102,1233,274,533,49,41,153,41,0,87,60,162,192,84,35,3,37,104,70,18,188,.297,632,.367,.538,.905,2,14,.875,26,107,0.80,0,17.08
2018,572761,Matt Carpenter,player,12,Matt Carpenter,Matthew,Carpenter,Matt,M Carpenter,138,STL,St. Louis Cardinals,Cardinals,NL,104,1B,First Base,DH,677,295,174,0,4,.291,78,6,0,60,2853,4.214,.151,.233,.053,.646,.266,2,1,106,1059,257,410,21,44,94,49,1,73,22,156,171,111,42,0,36,158,102,17,145,.257,564,.374,.523,.897,1,4,.800,0,81,0.55,1,15.67
2018,518692,Freddie Freeman,player,13,Freddie Freeman,Frederick,Freeman,Freddie,F Freeman,144,ATL,Atlanta Braves,Braves,NL,104,1B,First Base,1B,707,312,220,0,6,.358,71,7,11,99,2663,3.767,.107,.187,.033,.576,.196,6,0,78,1480,359,492,17,59,147,40,1,115,35,162,154,94,44,4,23,132,76,12,191,.309,618,.388,.505,.893,3,10,.769,11,98,0.95,0,26.87
2018,553993,Eugenio Suárez,player,14,Eugenio Suárez,Eugenio,Suárez,Eugenio,E Suárez,113,CIN,Cincinnati Reds,Reds,NL,104,3B,Third Base,3B,606,277,265,0,6,.322,58,9,20,115,2429,4.008,.106,.234,.056,.451,.243,4,0,78,1085,279,391,13,42,109,42,0,62,45,143,133,79,22,2,34,142,64,7,149,.283,527,.366,.526,.892,1,1,.500,20,104,0.82,0,15.50
2018,542583,Jesús Aguilar,player,15,Jesús Aguilar,Jesús,Aguilar,Jesús,J Aguilar,158,MIL,Milwaukee Brewers,Brewers,NL,104,1B,First Base,1B,566,265,247,0,10,.309,60,6,19,87,2432,4.297,.102,.253,.062,.406,.264,0,2,72,1106,317,359,22,28,102,43,0,66,26,149,122,80,25,0,35,143,58,3,135,.274,492,.352,.539,.891,0,0,.---,19,108,0.84,0,14.06
2018,547180,Bryce Harper,player,16,Bryce Harper,Bryce,Harper,Bryce,B Harper,120,WSH,Washington Nationals,Nationals,NL,104,RF,Outfielder,1B,695,273,211,0,9,.289,68,6,7,75,2877,4.140,.187,.243,.049,.769,.247,3,1,69,1305,412,390,21,39,124,38,0,63,36,159,129,103,34,0,34,169,130,16,137,.249,550,.393,.496,.889,3,13,.813,7,100,0.96,0,16.18
2018,607043,Brandon Nimmo,player,17,Brandon Nimmo,Brandon,Nimmo,Brandon,B Nimmo,121,NYM,New York Mets,Mets,NL,104,RF,Outfielder,LF,535,209,135,0,0,.351,53,22,8,41,2262,4.228,.150,.262,.032,.571,.219,3,1,40,887,236,293,25,16,98,22,0,55,37,140,81,77,28,8,17,140,80,2,114,.263,433,.404,.483,.887,6,9,.600,8,47,1.21,0,25.47
2018,593428,Xander Bogaerts,player,18,Xander Bogaerts,Xander,Bogaerts,Xander,X Bogaerts,111,BOS,Boston Red Sox,Red Sox,AL,103,SS,Shortstop,2B,580,268,215,0,6,.317,71,6,14,79,2363,4.074,.095,.176,.040,.539,.234,9,1,72,1021,215,417,34,30,133,30,0,70,48,136,136,72,45,3,23,102,55,4,148,.288,513,.360,.522,.882,2,8,.800,14,103,0.98,0,22.30
2018,595879,Javier Báez,player,19,Javier Báez,Ednel,Báez,Javier,J Báez,112,CHC,Chicago Cubs,Cubs,NL,104,2B,Second Base,SS,645,336,285,1,4,.347,83,5,10,102,2245,3.481,.045,.259,.053,.174,.264,8,0,55,1295,439,444,30,32,151,43,2,73,58,160,117,101,40,9,34,167,29,8,176,.290,606,.326,.554,.880,9,21,.700,10,111,1.29,0,17.82
2018,501981,Khris Davis,player,20,Khris Davis,Khris,Davis,Khris,K Davis,133,OAK,Oakland Athletics,Athletics,AL,103,DH,Designated Hitter,LF,654,316,267,0,7,.261,77,12,16,91,2514,3.844,.090,.268,.073,.337,.302,2,2,86,1239,418,408,33,34,113,48,1,61,32,151,153,98,28,1,48,175,59,5,142,.247,576,.326,.549,.875,0,0,.---,16,123,0.74,0,12.00
2018,596019,Francisco Lindor,player,21,Francisco Lindor,Francisco,Lindor,Francisco,F Lindor,114,CLE,Cleveland Indians,Indians,AL,103,SS,Shortstop,SS,745,343,191,3,3,.279,82,8,5,72,2920,3.919,.094,.144,.051,.654,.242,5,1,100,1368,241,560,47,58,172,43,1,87,52,158,205,129,42,2,38,107,70,7,183,.277,661,.352,.519,.871,10,25,.714,5,92,0.84,0,17.40
2018,444482,David Peralta,player,22,David Peralta,Senger,Peralta,David,D Peralta,109,AZ,Arizona Diamondbacks,D-backs,NL,104,LF,Outfielder,RF,614,289,182,0,2,.328,60,4,14,85,2272,3.700,.078,.202,.049,.387,.223,4,1,53,1091,259,438,21,40,160,28,1,71,64,146,114,75,25,5,30,124,48,4,164,.293,560,.352,.516,.868,0,4,1.000,14,87,1.40,0,18.67
2018,656305,Matt Chapman,player,23,Matt Chapman,Matt,Chapman,Matt,M Chapman,133,OAK,Oakland Athletics,Athletics,AL,103,3B,Third Base,3B,616,278,202,0,2,.338,72,9,18,87,2544,4.130,.094,.237,.039,.397,.230,2,1,59,1054,249,403,42,36,114,31,1,70,50,145,137,100,42,6,24,146,58,0,152,.278,547,.356,.508,.864,2,1,.333,18,68,0.83,0,22.79
2018,453568,Charlie Blackmon,player,24,Charlie Blackmon,Charles,Blackmon,Charlie,C Blackmon,115,COL,Colorado Rockies,Rockies,NL,104,CF,Outfielder,RF,696,314,165,1,2,.329,67,8,10,70,2724,3.914,.085,.193,.042,.440,.211,3,1,80,1291,263,495,22,47,164,40,0,87,55,156,149,119,31,7,29,134,59,2,182,.291,626,.358,.502,.860,4,12,.750,10,70,1.10,0,21.59
2018,571745,Mitch Haniger,player,25,Mitch Haniger,Mitchell,Haniger,Mitch,M Haniger,136,SEA,Seattle Mariners,Mariners,AL,103,RF,Outfielder,RF,683,294,228,0,7,.336,68,10,8,76,2716,3.977,.102,.217,.038,.473,.208,7,2,79,1135,265,455,29,36,141,31,0,83,56,157,144,90,38,4,26,148,70,4,170,.285,596,.366,.493,.859,2,8,.800,8,93,0.98,0,22.92
2019,592885,Christian Yelich,player,1,Christian Yelich,Christian,Yelich,Christian,C Yelich,158,MIL,Milwaukee Brewers,Brewers,NL,104,RF,Outfielder,LF,580,328,185,0,3,.355,76,8,8,80,2284,3.938,.138,.203,.076,.678,.342,3,2,55,1032,291,374,18,25,115,50,1,65,45,130,98,100,29,3,44,118,80,16,161,.329,489,.429,.671,1.100,2,30,.938,8,97,1.17,0,11.11
2019,545361,Mike Trout,player,2,Mike Trout,Michael,Trout,Mike,M Trout,108,LAA,Los Angeles Angels,Angels,AL,103,CF,Outfielder,CF,600,303,185,0,4,.298,74,16,5,78,2509,4.182,.183,.200,.075,.917,.353,4,0,81,923,177,354,32,34,70,47,0,70,20,134,147,110,27,2,45,120,110,14,137,.291,470,.438,.645,1.083,2,11,.846,5,104,0.48,0,10.44
2019,641355,Cody Bellinger,player,3,Cody Bellinger,Cody,Bellinger,Cody,C Bellinger,119,LAD,Los Angeles Dodgers,Dodgers,NL,104,RF,Outfielder,CF,661,351,238,0,4,.302,84,3,10,106,2688,4.067,.144,.163,.071,.880,.324,4,2,90,1194,281,455,34,57,104,48,0,79,43,156,181,121,34,3,47,108,95,21,170,.305,558,.406,.629,1.035,5,15,.750,10,115,0.57,0,11.87
2019,443558,Nelson Cruz,player,4,Nelson Cruz,Nelson,Cruz,Nelson,N Cruz,142,MIN,Minnesota Twins,Twins,AL,103,DH,Designated Hitter,DH,521,290,170,0,3,.351,67,7,14,78,2114,4.058,.107,.251,.079,.427,.328,3,0,40,977,317,326,25,28,92,41,0,60,40,120,93,81,26,0,41,131,56,8,141,.311,454,.392,.639,1.031,1,0,.000,14,108,0.99,1,11.07
2019,608324,Alex Bregman,player,5,Alex Bregman,Alexander,Bregman,Alex,A Bregman,117,HOU,Houston Astros,Astros,AL,103,3B,Third Base,3B,690,328,224,0,8,.281,80,9,9,106,2915,4.225,.172,.120,.059,1.434,.296,1,0,94,1022,146,479,53,58,110,49,2,71,42,156,205,122,37,2,41,83,119,2,164,.296,554,.423,.592,1.015,1,5,.833,9,112,0.54,0,13.51
2019,543685,Anthony Rendon,player,6,Anthony Rendon,Anthony,Rendon,Anthony,A Rendon,120,WSH,Washington Nationals,Nationals,NL,104,3B,Third Base,3B,646,326,221,0,9,.323,81,12,13,102,2613,4.045,.124,.133,.053,.930,.279,4,1,93,1127,145,468,43,42,116,48,1,85,40,146,178,117,44,3,34,86,80,8,174,.319,545,.412,.598,1.010,1,5,.833,13,126,0.65,0,16.03
2019,606466,Ketel Marte,player,7,Ketel Marte,Ketel,Marte,Ketel,K Marte,109,AZ,Arizona Diamondbacks,D-backs,NL,104,CF,Outfielder,2B,628,337,192,0,2,.342,77,4,7,80,2402,3.825,.084,.137,.051,.616,.264,3,1,77,1141,202,485,28,39,154,38,2,89,58,144,144,97,36,9,32,86,53,2,187,.329,569,.389,.592,.981,2,10,.833,7,92,1.07,0,17.78
2019,543807,George Springer,player,8,George Springer,George,Springer,George,G Springer,117,HOU,Houston Astros,Astros,AL,103,CF,Outfielder,RF,556,283,178,0,4,.305,62,6,12,59,2299,4.135,.121,.203,.070,.593,.299,4,1,54,1011,268,370,22,31,123,36,0,62,42,122,107,96,20,3,39,113,67,1,140,.292,479,.383,.591,.974,2,6,.750,12,96,1.15,0,12.28
2019,571448,Nolan Arenado,player,9,Nolan Arenado,Nolan,Arenado,Nolan,N Arenado,115,COL,Colorado Rockies,Rockies,NL,104,3B,Third Base,3B,662,343,227,0,8,.312,74,4,14,99,2391,3.612,.094,.140,.062,.667,.269,8,1,88,1229,257,503,58,46,126,44,1,81,59,155,192,102,31,2,41,93,62,11,185,.315,588,.379,.583,.962,2,3,.600,14,118,0.66,0,14.34
2019,665742,Juan Soto,player,10,Juan Soto,Juan,Soto,Juan,J Soto,120,WSH,Washington Nationals,Nationals,NL,104,LF,Outfielder,RF,659,297,257,0,6,.312,71,3,11,81,2788,4.231,.164,.200,.052,.818,.266,3,0,74,1136,273,416,15,43,131,38,0,68,47,150,132,110,32,5,34,132,108,3,153,.282,542,.401,.548,.949,1,12,.923,11,110,0.99,0,15.94
2019,624413,Pete Alonso,player,11,Pete Alonso,Peter,Alonso,Pete,P Alonso,121,NYM,New York Mets,Mets,NL,104,1B,First Base,1B,693,348,251,0,3,.280,85,21,13,94,2762,3.986,.104,.264,.076,.393,.323,8,2,69,1288,361,417,31,32,130,49,1,65,40,161,132,103,30,2,53,183,72,6,155,.260,597,.358,.583,.941,0,1,1.000,13,120,0.98,0,11.26
2019,453568,Charlie Blackmon,player,12,Charlie Blackmon,Charles,Blackmon,Charlie,C Blackmon,115,COL,Colorado Rockies,Rockies,NL,104,RF,Outfielder,RF,634,334,149,0,5,.334,81,9,11,66,2362,3.726,.063,.164,.050,.385,.262,5,1,83,1174,230,481,29,41,146,46,1,87,48,140,153,112,42,7,32,104,40,1,182,.314,580,.364,.576,.940,5,2,.286,11,86,0.95,0,18.12
2019,502110,J.D. Martinez,player,12,J.D. Martinez,Julio,Martinez,J.D.,J Martinez,111,BOS,Boston Red Sox,Red Sox,AL,103,DH,Designated Hitter,DH,657,320,226,0,5,.342,71,4,19,89,2463,3.749,.110,.210,.055,.522,.252,6,0,66,1219,325,442,13,52,136,47,0,74,54,146,131,98,33,2,36,138,72,9,175,.304,575,.383,.557,.940,0,2,1.000,19,105,1.04,1,15.97
2019,593428,Xander Bogaerts,player,14,Xander Bogaerts,Xander,Bogaerts,Xander,X Bogaerts,111,BOS,Boston Red Sox,Red Sox,AL,103,SS,Shortstop,2B,698,341,250,0,6,.338,85,2,11,102,2862,4.100,.109,.175,.047,.623,.246,7,0,82,1176,246,498,39,36,151,49,0,81,60,155,157,110,52,0,33,122,76,2,190,.309,614,.384,.555,.939,2,4,.667,11,117,0.96,0,18.61
2019,518692,Freddie Freeman,player,15,Freddie Freeman,Frederick,Freeman,Freddie,F Freeman,144,ATL,Atlanta Braves,Braves,NL,104,1B,First Base,1B,692,328,210,0,2,.318,74,6,17,102,2750,3.974,.126,.184,.055,.685,.255,2,1,79,1427,347,472,17,57,143,49,1,89,37,158,153,113,34,2,38,127,87,11,176,.295,597,.389,.549,.938,3,6,.667,17,121,0.93,0,15.71
2019,605137,Josh Bell,player,16,Josh Bell,Joshua,Bell,Josh,J Bell,134,PIT,Pittsburgh Pirates,Pirates,NL,104,1B,First Base,1B,613,300,217,0,7,.288,77,5,11,79,2442,3.984,.121,.192,.060,.627,.292,2,0,74,1175,297,416,24,26,146,38,2,69,37,143,124,94,37,3,37,118,74,13,146,.277,527,.367,.569,.936,1,0,.000,11,116,1.18,0,14.24
2019,553993,Eugenio Suárez,player,17,Eugenio Suárez,Eugenio,Suárez,Eugenio,E Suárez,113,CIN,Cincinnati Reds,Reds,NL,104,3B,Third Base,3B,662,329,235,0,6,.312,73,11,12,93,2728,4.121,.106,.285,.074,.370,.301,1,0,66,1211,348,392,32,32,106,58,1,62,35,159,130,87,22,2,49,189,70,4,156,.271,575,.358,.572,.930,2,3,.600,12,103,0.82,0,11.74
2019,519203,Anthony Rizzo,player,18,Anthony Rizzo,Anthony,Rizzo,Anthony,A Rizzo,112,CHC,Chicago Cubs,Cubs,NL,104,1B,First Base,1B,613,266,198,0,3,.306,59,27,15,101,2470,4.029,.116,.140,.044,.826,.227,1,0,58,1125,222,429,28,49,144,33,0,76,41,146,135,89,29,3,27,86,71,3,150,.293,512,.405,.520,.925,2,5,.714,15,94,1.07,0,18.96
2019,624585,Jorge Soler,player,19,Jorge Soler,Jorge,Soler,Jorge,J Soler,118,KC,Kansas City Royals,Royals,AL,103,DH,Designated Hitter,RF,679,335,242,0,4,.294,82,10,16,88,2750,4.050,.108,.262,.071,.410,.304,10,0,61,1212,392,415,32,40,126,54,0,64,38,162,133,95,33,1,48,178,73,3,156,.265,589,.354,.569,.923,1,3,.750,16,117,0.95,3,12.27
2019,640457,Austin Meadows,player,20,Austin Meadows,Austin,Meadows,Austin,A Meadows,139,TB,Tampa Bay Rays,Rays,AL,103,RF,Outfielder,LF,591,296,191,0,0,.331,69,7,3,73,2497,4.225,.091,.222,.056,.412,.268,1,0,79,1053,247,399,31,35,100,39,0,75,40,138,145,83,29,7,33,131,54,6,154,.291,530,.364,.558,.922,7,12,.632,3,89,0.69,0,16.06
2019,596115,Trevor Story,player,21,Trevor Story,Trevor,Story,Trevor,T Story,115,COL,Colorado Rockies,Rockies,NL,104,SS,Shortstop,SS,656,326,201,0,3,.361,78,7,3,76,2684,4.091,.088,.265,.053,.333,.260,6,2,76,1288,341,417,34,38,96,41,0,87,45,145,148,111,38,5,35,174,58,0,173,.294,588,.363,.554,.917,8,23,.742,3,85,0.65,0,16.80
2019,646240,Rafael Devers,player,22,Rafael Devers,Rafael,Devers,Rafael,R Devers,111,BOS,Boston Red Sox,Red Sox,AL,103,3B,Third Base,3B,702,359,249,1,2,.339,90,4,8,99,2636,3.755,.068,.170,.046,.403,.244,8,2,75,1447,348,531,35,45,175,46,1,91,63,156,155,129,54,4,32,119,48,7,201,.311,647,.361,.555,.916,8,8,.500,8,115,1.13,0,20.22
2019,605141,Mookie Betts,player,23,Mookie Betts,Markus,Betts,Mookie,M Betts,111,BOS,Boston Red Sox,Red Sox,AL,103,RF,Outfielder,SS,706,313,184,0,9,.309,74,3,11,74,2909,4.120,.137,.143,.041,.960,.229,4,1,109,1115,162,505,41,58,121,45,2,89,40,150,208,135,40,5,29,101,97,6,176,.295,597,.391,.524,.915,3,16,.842,11,80,0.58,0,20.59
2019,643446,Jeff McNeil,player,23,Jeff McNeil,Jeffrey,McNeil,Jeff,J McNeil,121,NYM,New York Mets,Mets,NL,104,LF,Outfielder,2B,567,271,171,0,1,.337,62,21,5,68,2067,3.646,.062,.132,.041,.467,.214,3,0,74,1238,247,436,25,41,134,31,0,75,56,133,140,83,38,1,23,75,35,2,162,.318,510,.384,.531,.915,6,5,.455,5,75,0.96,0,22.17
2019,660162,Yoán Moncada,player,23,Yoán Moncada,Yoán,Moncada,Yoán,Y Moncada,145,CWS,Chicago White Sox,White Sox,AL,103,3B,Third Base,3B,559,280,197,1,3,.406,64,4,1,64,2219,3.970,.072,.275,.045,.260,.233,3,0,48,1050,326,361,17,40,95,34,0,71,56,132,105,83,34,5,25,154,40,2,161,.315,511,.367,.548,.915,3,10,.769,1,79,0.90,0,20.44
2020,665742,Juan Soto,player,1,Juan Soto,Juan,Soto,Juan,J Soto,120,WSH,Washington Nationals,Nationals,NL,104,LF,Outfielder,RF,196,107,54,0,0,.363,27,1,1,29,827,4.219,.209,.143,.066,1.464,.344,3,0,12,298,64,126,3,8,49,15,0,21,18,47,23,39,14,0,13,28,41,12,54,.351,154,.490,.695,1.185,2,6,.750,1,37,2.13,0,11.85
2020,518692,Freddie Freeman,player,2,Freddie Freeman,Frederick,Freeman,Freddie,F Freeman,144,ATL,Atlanta Braves,Braves,NL,104,1B,First Base,1B,262,137,80,0,0,.366,37,3,6,45,1021,3.897,.172,.141,.050,1.216,.299,2,1,30,492,99,177,11,18,45,21,0,39,13,60,59,51,23,1,13,37,45,7,73,.341,214,.462,.640,1.102,0,2,1.000,6,53,0.76,0,16.46
2020,542303,Marcell Ozuna,player,3,Marcell Ozuna,Marcell,Ozuna,Marcell,M Ozuna,144,ATL,Atlanta Braves,Braves,NL,104,DH,Designated Hitter,DH,267,145,112,0,1,.391,32,0,3,35,1074,4.022,.142,.225,.067,.633,.298,0,0,24,497,156,169,15,15,38,20,0,32,25,60,54,38,14,0,18,60,38,3,77,.338,228,.431,.636,1.067,0,0,.---,3,56,0.70,0,12.67
2020,518934,DJ LeMahieu,player,4,DJ LeMahieu,David,LeMahieu,DJ,D LeMahieu,147,NYY,New York Yankees,Yankees,AL,103,2B,Second Base,3B,216,115,61,0,1,.370,22,2,3,20,829,3.838,.083,.097,.046,.857,.226,2,0,16,366,41,175,3,12,73,11,0,33,27,50,31,41,10,2,10,21,18,0,71,.364,195,.421,.590,1.011,0,3,1.000,3,27,2.35,0,19.50
2020,608070,José Ramírez,player,5,José Ramírez,José,Ramírez,José,J Ramírez,114,CLE,Cleveland Indians,Indians,AL,103,3B,Third Base,3B,254,133,92,0,1,.294,34,3,2,37,1146,4.512,.122,.169,.067,.721,.315,3,1,36,475,79,177,27,11,39,16,1,33,14,58,74,45,16,1,17,43,31,0,64,.292,219,.386,.607,.993,3,10,.769,2,46,0.53,0,12.88
2020,642086,Dominic Smith,player,5,Dominic Smith,Dominic,Smith,Dominic,Do Smith,121,NYM,New York Mets,Mets,NL,104,1B,First Base,1B,199,109,92,0,3,.368,32,5,2,35,757,3.804,.070,.226,.050,.311,.299,0,0,16,393,102,135,3,11,49,12,0,37,7,50,30,27,21,1,10,45,14,0,56,.316,177,.377,.616,.993,0,0,.---,2,42,1.63,0,17.70
2020,545361,Mike Trout,player,5,Mike Trout,Michael,Trout,Mike,M Trout,108,LAA,Los Angeles Angels,Angels,AL,103,CF,Outfielder,CF,241,120,86,0,4,.300,28,3,1,40,1023,4.245,.145,.232,.071,.625,.322,2,0,39,375,73,147,13,11,28,18,1,27,10,53,63,41,9,2,17,56,35,4,56,.281,199,.390,.603,.993,1,1,.500,1,46,0.44,0,11.71
2020,443558,Nelson Cruz,player,8,Nelson Cruz,Nelson,Cruz,Nelson,N Cruz,142,MIN,Minnesota Twins,Twins,AL,103,DH,Designated Hitter,DH,214,110,80,0,0,.360,22,4,8,30,846,3.953,.117,.271,.075,.431,.292,1,1,14,403,138,127,7,7,43,13,0,26,17,53,28,33,6,0,16,58,25,5,56,.303,185,.397,.595,.992,0,0,.---,8,33,1.54,0,11.56
2020,547989,José Abreu,player,9,José Abreu,José,Abreu,José,J Abreu,145,CWS,Chicago White Sox,White Sox,AL,103,1B,First Base,1B,262,148,106,0,1,.350,34,3,10,45,1027,3.920,.069,.225,.073,.305,.300,3,0,25,498,150,182,8,12,61,19,0,36,21,60,45,43,15,0,19,59,18,1,76,.317,240,.370,.617,.987,0,0,.---,10,60,1.36,0,12.63
2020,660670,Ronald Acuña Jr.,player,9,Ronald Acuña Jr.,Ronald,Acuña,Ronald,R Acuña Jr.,144,ATL,Atlanta Braves,Braves,NL,104,CF,Outfielder,RF,202,93,56,0,0,.302,25,4,3,17,876,4.337,.188,.297,.069,.633,.331,0,0,17,355,106,100,8,6,29,15,0,18,7,46,31,46,11,0,14,60,38,2,40,.250,160,.406,.581,.987,1,8,.889,3,29,0.94,0,11.43
2020,607208,Trea Turner,player,11,Trea Turner,Trea,Turner,Trea,T Turner,120,WSH,Washington Nationals,Nationals,NL,104,SS,Shortstop,SS,259,137,70,0,2,.353,31,2,5,28,1033,3.988,.085,.139,.046,.611,.253,2,0,35,484,95,199,11,16,59,11,0,37,30,59,62,46,15,4,12,36,22,0,78,.335,233,.394,.588,.982,4,12,.750,5,41,0.95,0,19.42
2020,573262,Mike Yastrzemski,player,12,Mike Yastrzemski,Michael,Yastrzemski,Mike,M Yastrzemski,137,SF,San Francisco Giants,Giants,NL,104,CF,Outfielder,RF,225,109,63,0,0,.370,28,3,2,26,940,4.178,.133,.244,.044,.545,.271,3,1,21,366,91,137,13,6,40,19,2,23,13,54,40,39,14,4,10,55,30,2,57,.297,192,.400,.568,.968,1,2,.667,2,35,1.00,0,19.20
2020,547180,Bryce Harper,player,13,Bryce Harper,Bryce,Harper,Bryce,B Harper,143,PHI,Philadelphia Phillies,Phillies,NL,104,RF,Outfielder,1B,244,103,88,1,2,.279,24,2,5,42,973,3.988,.201,.176,.053,1.140,.274,1,1,33,445,128,150,7,15,44,17,0,18,16,58,55,41,9,2,13,43,49,8,51,.268,190,.420,.542,.962,2,8,.800,5,33,0.80,0,14.62
2020,571976,Wil Myers,player,14,Wil Myers,William,Myers,Wil,W Myers,135,SD,San Diego Padres,Padres,NL,104,RF,Outfielder,RF,218,120,63,0,0,.331,31,2,0,13,843,3.867,.083,.257,.069,.321,.318,1,1,27,352,93,142,5,13,40,16,0,26,15,55,45,34,14,2,15,56,18,0,57,.288,198,.353,.606,.959,1,2,.667,0,40,0.89,0,13.20
2020,592518,Manny Machado,player,15,Manny Machado,Manuel,Machado,Manny,M Machado,135,SD,San Diego Padres,Padres,NL,104,3B,Third Base,3B,254,130,96,0,4,.297,29,0,9,41,936,3.685,.102,.146,.063,.703,.277,2,1,33,437,95,191,20,17,53,13,0,35,20,60,70,44,12,1,16,37,26,4,68,.304,224,.370,.580,.950,3,6,.667,9,47,0.76,0,14.00
2020,572228,Luke Voit,player,16,Luke Voit,Louis,Voit,Luke,L Voit,147,NYY,New York Yankees,Yankees,AL,103,1B,First Base,1B,234,130,90,0,1,.268,27,3,4,32,910,3.889,.073,.231,.094,.315,.333,3,1,26,474,131,160,10,13,52,22,1,22,14,56,49,41,5,0,22,54,17,0,59,.277,213,.338,.610,.948,0,0,.---,4,52,1.06,0,9.68
2020,608369,Corey Seager,player,17,Corey Seager,Corey,Seager,Corey,C Seager,119,LAD,Los Angeles Dodgers,Dodgers,NL,104,SS,Shortstop,SS,232,124,102,0,2,.309,28,1,8,36,807,3.478,.073,.159,.065,.459,.278,2,0,39,449,116,177,3,14,56,16,0,34,15,52,56,38,12,1,15,37,17,0,65,.307,212,.358,.585,.943,0,1,1.000,8,41,1.00,0,14.13
2020,665487,Fernando Tatis Jr.,player,18,Fernando Tatis Jr.,Fernando,Tatis,Fernando,F Tatis Jr.,135,SD,San Diego Padres,Padres,NL,104,SS,Shortstop,RF,257,128,76,0,1,.306,30,5,6,43,988,3.844,.105,.237,.066,.443,.295,0,0,28,461,130,164,2,13,59,15,0,27,20,59,43,50,11,2,17,61,27,1,62,.277,224,.366,.571,.937,3,11,.786,6,45,1.37,0,13.18
2020,605141,Mookie Betts,player,19,Mookie Betts,Markus,Betts,Mookie,M Betts,119,LAD,Los Angeles Dodgers,Dodgers,NL,104,RF,Outfielder,SS,246,123,65,0,1,.289,26,2,2,32,930,3.780,.098,.154,.065,.632,.269,6,0,44,377,52,182,12,24,38,13,0,29,22,55,80,47,9,1,16,38,24,1,64,.292,219,.366,.562,.928,2,10,.833,2,39,0.48,0,13.69
2020,624424,Michael Conforto,player,20,Michael Conforto,Michael,Conforto,Michael,M Conforto,121,NYM,New York Mets,Mets,NL,104,RF,Outfielder,LF,233,104,90,0,0,.412,21,7,6,36,932,4.000,.103,.245,.039,.421,.193,3,0,18,412,107,145,7,9,46,11,2,38,14,54,34,40,12,0,9,57,24,0,65,.322,202,.412,.515,.927,3,3,.500,6,31,1.35,0,22.44
2020,606192,Teoscar Hernández,player,21,Teoscar Hernández,Teoscar,Hernández,Teoscar,T Hernández,141,TOR,Toronto Blue Jays,Blue Jays,AL,103,RF,Outfielder,LF,207,110,83,0,1,.348,23,1,4,26,840,4.058,.068,.304,.077,.222,.289,3,1,26,390,135,128,5,10,32,13,0,25,17,50,41,33,7,0,16,63,14,0,55,.289,190,.340,.579,.919,1,6,.857,4,34,0.78,1,11.88
2020,664040,Brandon Lowe,player,22,Brandon Lowe,Brandon,Lowe,Brandon,B Lowe,139,TB,Tampa Bay Rays,Rays,AL,103,2B,Second Base,2B,224,107,71,0,2,.309,25,4,2,28,882,3.938,.112,.259,.063,.431,.285,0,1,28,413,148,137,11,12,34,16,0,25,11,56,51,36,9,2,14,58,25,0,52,.269,193,.362,.554,.916,0,3,1.000,2,37,0.67,0,13.79
2020,543685,Anthony Rendon,player,23,Anthony Rendon,Anthony,Rendon,Anthony,A Rendon,108,LAA,Los Angeles Angels,Angels,AL,103,3B,Third Base,3B,232,94,101,0,0,.302,21,5,10,39,889,3.832,.164,.134,.039,1.226,.212,1,0,36,360,53,158,11,18,39,8,1,29,16,52,65,29,11,1,9,31,38,2,54,.286,189,.418,.497,.915,0,0,.---,10,31,0.60,0,21.00
2020,543807,George Springer,player,24,George Springer,George,Springer,George,G Springer,117,HOU,Houston Astros,Astros,AL,103,CF,Outfielder,RF,222,102,64,0,2,.259,22,5,3,24,821,3.698,.108,.171,.063,.632,.275,5,0,26,392,98,153,19,16,42,14,0,23,13,51,61,37,6,2,14,38,24,0,50,.265,189,.359,.540,.899,2,1,.333,3,32,0.69,2,13.50
2020,650391,Eloy Jiménez,player,25,Eloy Jiménez,Eloy,Jiménez,Eloy,E Jiménez,145,CWS,Chicago White Sox,White Sox,AL,103,LF,Outfielder,DH,226,119,77,0,1,.340,28,0,4,29,805,3.562,.053,.248,.062,.214,.263,3,0,18,438,128,158,5,12,60,14,0,26,23,55,35,26,14,0,14,56,12,0,63,.296,213,.332,.559,.891,0,0,.---,4,41,1.71,0,15.21
2021,547180,Bryce Harper,player,1,Bryce Harper,Bryce,Harper,Bryce,B Harper,143,PHI,Philadelphia Phillies,Phillies,NL,104,RF,Outfielder,1B,599,300,158,2,4,.359,78,5,12,77,2401,4.008,.167,.224,.058,.746,.305,2,0,58,1134,364,360,16,23,112,37,0,75,39,141,97,101,42,1,35,134,100,14,151,.309,488,.429,.615,1.044,3,13,.813,12,84,1.15,0,13.94
2021,665489,Vladimir Guerrero Jr.,player,2,Vladimir Guerrero Jr.,Vladimir,Guerrero,Vladimir,V Guerrero Jr.,141,TOR,Toronto Blue Jays,Blue Jays,AL,103,1B,First Base,1B,698,363,235,0,2,.313,78,6,20,102,2509,3.595,.123,.158,.069,.782,.290,3,0,85,1187,330,496,24,38,161,40,0,83,65,161,147,123,29,1,48,110,86,7,188,.311,604,.401,.601,1.002,1,4,.800,20,111,1.10,0,12.58
2021,665742,Juan Soto,player,3,Juan Soto,Juan,Soto,Juan,J Soto,120,WSH,Washington Nationals,Nationals,NL,104,RF,Outfielder,RF,654,268,197,0,5,.332,51,2,23,121,2601,3.977,.222,.142,.044,1.559,.221,3,1,56,911,182,414,16,25,160,30,0,68,59,151,97,111,20,2,29,93,145,23,157,.313,502,.465,.534,.999,7,9,.563,23,95,1.65,0,17.31
2021,665487,Fernando Tatis Jr.,player,4,Fernando Tatis Jr.,Fernando,Tatis,Fernando,F Tatis Jr.,135,SD,San Diego Padres,Padres,NL,104,SS,Shortstop,RF,546,292,151,0,4,.324,73,2,5,54,2141,3.921,.114,.280,.077,.405,.328,5,0,50,1099,383,329,25,31,88,48,0,40,47,130,106,99,31,0,42,153,62,6,135,.282,478,.364,.611,.975,4,25,.862,5,97,0.83,0,11.38
2021,660271,Shohei Ohtani,player,5,Shohei Ohtani,Shohei,Ohtani,Shohei,S Ohtani,108,LAA,Los Angeles Angels,Angels,AL,103,DH,Designated Hitter,TWP,639,318,187,0,2,.303,80,4,7,74,2594,4.059,.150,.296,.072,.508,.335,6,0,74,1188,416,350,16,21,101,47,1,52,38,158,111,103,26,8,46,189,96,20,138,.257,537,.372,.592,.964,10,26,.722,7,100,0.91,0,11.67
2021,592206,Nick Castellanos,player,6,Nick Castellanos,Nicholas,Castellanos,Nick,N Castellanos,113,CIN,Cincinnati Reds,Reds,NL,104,RF,Outfielder,RF,585,306,239,0,6,.340,73,7,16,103,2143,3.663,.070,.207,.058,.339,.267,3,2,79,1177,361,416,15,41,117,42,0,81,41,138,135,95,38,1,34,121,41,5,164,.309,531,.362,.576,.938,1,3,.750,16,100,0.87,0,15.62
2021,458015,Joey Votto,player,6,Joey Votto,Joseph,Votto,Joey,J Votto,113,CIN,Cincinnati Reds,Reds,NL,104,1B,First Base,1B,533,252,194,0,4,.287,60,4,7,59,2232,4.188,.144,.238,.068,.606,.297,2,0,73,980,288,325,15,26,92,47,0,56,16,129,114,73,23,1,36,127,77,6,119,.266,448,.375,.563,.938,0,1,1.000,7,99,0.81,0,12.44
2021,592450,Aaron Judge,player,8,Aaron Judge,Aaron,Judge,Aaron,A Judge,147,NYY,New York Yankees,Yankees,AL,103,RF,Outfielder,CF,633,299,217,0,5,.332,63,3,16,89,2654,4.193,.118,.250,.062,.475,.256,4,2,71,1128,328,397,9,32,127,40,2,76,40,148,112,89,24,0,39,158,75,2,158,.287,550,.373,.544,.917,1,6,.857,16,98,1.13,0,14.10
2021,663656,Kyle Tucker,player,9,Kyle Tucker,Kyle,Tucker,Kyle,K Tucker,117,HOU,Houston Astros,Astros,AL,103,RF,Outfielder,RF,567,282,235,0,5,.304,70,1,10,100,2180,3.845,.093,.159,.053,.589,.263,6,0,95,1144,231,421,23,45,109,46,0,69,34,140,163,83,37,3,30,90,53,5,149,.294,506,.359,.557,.916,2,14,.875,10,92,0.67,2,16.87
2021,641933,Tyler O'Neill,player,10,Tyler O'Neill,Tyler,O'Neill,Tyler,T O'Neill,138,STL,St. Louis Cardinals,Cardinals,NL,104,LF,Outfielder,LF,537,270,216,0,4,.366,62,13,8,57,2070,3.855,.071,.313,.063,.226,.274,7,1,59,1030,357,318,24,23,74,41,0,56,41,138,106,89,26,2,34,168,38,0,138,.286,482,.352,.560,.912,4,15,.789,8,80,0.70,0,14.18
2021,668804,Bryan Reynolds,player,10,Bryan Reynolds,Bryan,Reynolds,Bryan,B Reynolds,134,PIT,Pittsburgh Pirates,Pirates,NL,104,CF,Outfielder,LF,646,292,234,0,4,.345,67,8,10,107,2493,3.859,.116,.184,.037,.630,.220,5,1,86,1217,290,444,20,39,130,41,0,80,48,159,145,93,35,8,24,119,75,9,169,.302,559,.390,.522,.912,2,5,.714,10,90,0.90,0,23.29
2021,621566,Matt Olson,player,12,Matt Olson,Matthew,Olson,Matt,M Olson,133,OAK,Oakland Athletics,Athletics,AL,103,1B,First Base,1B,673,305,257,0,11,.269,74,9,17,98,2774,4.122,.131,.168,.058,.779,.269,2,1,92,1301,300,463,44,24,150,48,1,67,37,156,160,101,35,0,39,113,88,12,153,.271,565,.371,.540,.911,1,4,.800,17,111,0.94,0,14.49
2021,607208,Trea Turner,player,12,Trea Turner,Trea,Turner,Trea,T Turner,119,LAD,Los Angeles Dodgers,Dodgers,NL,104,2B,Second Base,SS,646,319,172,0,4,.362,65,6,18,75,2487,3.850,.063,.170,.043,.373,.208,1,0,78,1223,281,489,30,45,141,37,1,75,82,148,153,107,34,3,28,110,41,2,195,.328,595,.375,.536,.911,5,32,.865,18,77,0.92,0,21.25
2021,543068,C.J. Cron,player,14,C.J. Cron,Christopher,Cron,C.J.,C Cron,115,COL,Colorado Rockies,Rockies,NL,104,1B,First Base,1B,547,249,193,0,4,.316,60,13,11,72,2191,4.005,.110,.214,.051,.513,.249,4,2,74,1031,283,357,27,23,101,42,0,53,37,142,124,70,31,1,28,117,60,3,132,.281,470,.375,.530,.905,0,1,1.000,11,92,0.81,0,16.79
2021,663586,Austin Riley,player,15,Austin Riley,Michael,Riley,Austin,A Riley,144,ATL,Atlanta Braves,Braves,NL,104,3B,Third Base,3B,662,313,254,0,8,.368,67,12,11,80,2595,3.920,.079,.254,.050,.310,.227,5,0,70,1302,368,430,30,42,109,37,3,81,58,160,142,91,33,1,33,168,52,2,179,.303,590,.367,.531,.898,1,0,.000,11,107,0.77,0,17.88
2021,518692,Freddie Freeman,player,16,Freddie Freeman,Frederick,Freeman,Freddie,F Freeman,144,ATL,Atlanta Braves,Braves,NL,104,1B,First Base,1B,695,302,202,0,2,.321,58,8,11,95,2688,3.868,.122,.154,.045,.794,.203,7,1,98,1372,289,495,13,41,163,45,1,83,51,159,152,120,25,2,31,107,85,15,180,.300,600,.393,.503,.896,3,8,.727,11,83,1.07,0,19.36
2021,543063,Brandon Crawford,player,17,Brandon Crawford,Brandon,Crawford,Brandon,B Crawford,137,SF,San Francisco Giants,Giants,NL,104,SS,Shortstop,SS,549,252,213,0,5,.334,57,5,8,79,2136,3.891,.102,.191,.044,.533,.224,5,0,72,1102,323,383,30,28,109,38,0,60,46,138,130,79,30,3,24,105,56,6,144,.298,483,.373,.522,.895,3,11,.786,8,90,0.84,0,20.12
2021,571970,Max Muncy,player,17,Max Muncy,Maxwell,Muncy,Max,M Muncy,119,LAD,Los Angeles Dodgers,Dodgers,NL,104,1B,First Base,3B,592,262,210,0,1,.257,64,11,7,78,2434,4.111,.140,.203,.061,.692,.278,3,1,81,915,214,378,21,26,126,44,0,60,20,144,128,95,26,2,36,120,83,5,124,.249,497,.368,.527,.895,1,2,.667,7,94,0.98,0,13.81
2021,608070,José Ramírez,player,19,José Ramírez,José,Ramírez,José,J Ramírez,114,CLE,Cleveland Indians,Indians,AL,103,3B,Third Base,3B,636,297,229,0,5,.256,73,7,13,111,2675,4.206,.113,.137,.057,.828,.272,2,1,90,1149,171,470,60,43,130,37,0,70,40,152,193,111,32,5,36,87,72,10,147,.266,552,.355,.538,.893,4,27,.871,13,103,0.67,0,15.33
2021,646240,Rafael Devers,player,20,Rafael Devers,Rafael,Devers,Rafael,R Devers,111,BOS,Boston Red Sox,Red Sox,AL,103,3B,Third Base,3B,664,318,284,0,4,.307,76,7,13,95,2502,3.768,.093,.215,.057,.434,.259,4,1,75,1338,371,452,34,35,143,44,0,73,48,156,144,101,37,1,38,143,62,7,165,.279,591,.352,.538,.890,5,5,.500,13,113,0.99,0,15.55
2021,502671,Paul Goldschmidt,player,21,Paul Goldschmidt,Paul,Goldschmidt,Paul,P Goldschmidt,138,STL,St. Louis Cardinals,Cardinals,NL,104,1B,First Base,1B,679,310,232,0,5,.331,69,4,13,96,2751,4.052,.099,.200,.046,.493,.221,7,2,105,1215,302,472,32,38,120,42,1,78,56,158,175,102,36,2,31,136,67,2,177,.294,603,.365,.514,.879,0,12,1.000,13,99,0.69,0,19.45
2021,656775,Cedric Mullins,player,22,Cedric Mullins,Boyce,Mullins,Cedric,C Mullins,110,BAL,Baltimore Orioles,Orioles,AL,103,CF,Outfielder,CF,675,312,188,1,4,.322,72,8,2,72,2588,3.834,.087,.185,.044,.472,.228,4,1,91,1167,244,482,36,46,134,43,1,69,62,159,173,91,37,5,30,125,59,3,175,.291,602,.360,.518,.878,8,30,.789,2,59,0.77,1,20.07
2021,670541,Yordan Alvarez,player,23,Yordan Alvarez,Yordan,Alvarez,Yordan,Y Alvarez,117,HOU,Houston Astros,Astros,AL,103,DH,Designated Hitter,LF,598,285,276,0,3,.320,69,8,16,84,2396,4.007,.084,.242,.055,.345,.253,1,1,76,1030,234,395,16,36,118,43,1,73,32,144,128,92,35,1,33,145,50,3,149,.277,537,.346,.531,.877,0,1,1.000,16,104,0.92,0,16.27
2021,543760,Marcus Semien,player,24,Marcus Semien,Marcus,Semien,Marcus,M Semien,141,TOR,Toronto Blue Jays,Blue Jays,AL,103,2B,Second Base,2B,724,351,249,0,3,.276,86,3,9,96,2923,4.037,.091,.202,.062,.452,.273,1,2,129,1318,284,509,46,43,118,58,0,75,40,162,218,115,39,2,45,146,66,0,173,.265,652,.334,.538,.872,1,15,.938,9,102,0.54,0,14.49
2021,606192,Teoscar Hernández,player,25,Teoscar Hernández,Teoscar,Hernández,Teoscar,T Hernández,141,TOR,Toronto Blue Jays,Blue Jays,AL,103,RF,Outfielder,LF,595,288,227,0,2,.352,61,7,5,92,2290,3.849,.061,.249,.054,.243,.227,8,0,73,1187,378,404,22,36,110,38,0,76,49,143,131,92,29,0,32,148,36,1,163,.296,550,.346,.524,.870,4,12,.750,5,116,0.84,0,17.19
2022,592450,Aaron Judge,player,1,Aaron Judge,Aaron,Judge,Aaron,A Judge,147,NYY,New York Yankees,Yankees,AL,103,CF,Outfielder,CF,696,391,210,0,5,.340,90,6,14,104,2906,4.175,.159,.251,.089,.634,.375,5,4,76,1240,367,400,10,26,111,77,0,63,37,157,112,133,28,0,62,175,111,19,177,.311,570,.425,.686,1.111,3,16,.842,14,131,0.99,4,9.19
2022,670541,Yordan Alvarez,player,2,Yordan Alvarez,Yordan,Alvarez,Yordan,Y Alvarez,117,HOU,Houston Astros,Astros,AL,103,DH,Designated Hitter,LF,561,288,215,0,7,.320,68,6,12,74,2195,3.913,.139,.189,.066,.736,.306,0,2,69,936,219,371,10,28,120,44,0,72,28,135,107,95,29,2,37,106,78,9,144,.306,470,.406,.613,1.019,1,1,.500,12,97,1.12,0,12.70
2022,502671,Paul Goldschmidt,player,3,Paul Goldschmidt,Paul,Goldschmidt,Paul,P Goldschmidt,138,STL,St. Louis Cardinals,Cardinals,NL,104,1B,First Base,1B,651,324,215,0,4,.368,76,5,7,92,2701,4.149,.121,.217,.054,.560,.260,7,2,74,1127,301,424,30,23,119,48,2,74,54,151,127,106,41,0,35,141,79,1,178,.317,561,.404,.578,.982,0,7,1.000,7,115,0.94,2,16.03
2022,514888,Jose Altuve,player,4,Jose Altuve,Jose,Altuve,Jose,J Altuve,117,HOU,Houston Astros,Astros,AL,103,2B,Second Base,2B,604,281,132,0,1,.315,67,10,13,56,2308,3.821,.109,.144,.046,.759,.233,3,1,65,1011,166,441,41,44,133,48,2,60,48,141,150,103,39,0,28,87,66,2,158,.300,527,.387,.533,.920,1,18,.947,13,57,0.89,0,18.82
2022,518692,Freddie Freeman,player,5,Freddie Freeman,Frederick,Freeman,Freddie,F Freeman,119,LAD,Los Angeles Dodgers,Dodgers,NL,104,1B,First Base,1B,708,313,207,0,7,.359,70,5,6,118,2755,3.891,.119,.144,.030,.824,.186,6,0,108,1357,264,517,15,53,142,39,0,101,59,159,176,117,47,2,21,102,84,12,199,.325,612,.407,.511,.918,3,13,.813,6,100,0.81,0,29.14
2022,592518,Manny Machado,player,6,Manny Machado,Manuel,Machado,Manny,M Machado,135,SD,San Diego Padres,Padres,NL,104,3B,Third Base,3B,644,307,256,0,2,.337,70,1,12,116,2371,3.682,.098,.207,.050,.474,.234,6,2,71,1205,300,447,42,41,121,35,1,89,47,150,154,100,37,1,32,133,63,10,172,.298,578,.366,.531,.897,1,9,.900,12,102,0.79,0,18.06
2022,571448,Nolan Arenado,player,7,Nolan Arenado,Nolan,Arenado,Nolan,N Arenado,138,STL,St. Louis Cardinals,Cardinals,NL,104,3B,Third Base,3B,620,297,251,0,4,.290,73,7,15,93,2330,3.758,.084,.116,.048,.722,.241,1,0,98,1127,215,489,69,52,107,44,1,76,42,148,219,73,42,1,30,72,52,3,163,.293,557,.358,.533,.891,3,5,.625,15,103,0.49,0,18.57
2022,646240,Rafael Devers,player,8,Rafael Devers,Rafael,Devers,Rafael,R Devers,111,BOS,Boston Red Sox,Red Sox,AL,103,3B,Third Base,3B,614,289,214,0,3,.329,70,6,14,81,2232,3.635,.081,.186,.044,.439,.225,5,0,65,1216,343,444,33,42,140,41,0,75,48,141,140,84,42,1,27,114,50,11,164,.295,555,.358,.521,.879,1,3,.750,14,88,1.00,0,20.56
2022,663586,Austin Riley,player,9,Austin Riley,Michael,Riley,Austin,A Riley,144,ATL,Atlanta Braves,Braves,NL,104,3B,Third Base,3B,693,325,269,0,4,.315,79,17,13,89,2641,3.811,.082,.242,.055,.339,.255,3,2,79,1361,376,451,27,41,136,51,0,77,40,159,147,90,39,2,38,168,57,1,168,.273,615,.349,.528,.877,0,2,1.000,13,93,0.93,0,16.18
2022,660271,Shohei Ohtani,player,10,Shohei Ohtani,Shohei,Ohtani,Shohei,S Ohtani,108,LAA,Los Angeles Angels,Angels,AL,103,DH,Designated Hitter,TWP,666,304,196,0,3,.320,70,5,6,83,2546,3.823,.108,.242,.051,.447,.246,4,0,81,1254,353,428,14,37,136,48,0,64,48,157,132,90,30,6,34,161,72,14,160,.273,586,.356,.519,.875,9,11,.550,6,95,1.03,0,17.24
2022,605141,Mookie Betts,player,11,Mookie Betts,Markus,Betts,Mookie,M Betts,119,LAD,Los Angeles Dodgers,Dodgers,NL,104,RF,Outfielder,SS,639,305,198,0,4,.272,78,8,8,76,2428,3.800,.086,.163,.055,.529,.264,6,2,123,1072,177,472,35,33,127,45,1,76,32,142,191,117,40,3,35,104,55,0,154,.269,572,.340,.533,.873,2,12,.857,8,82,0.66,0,16.34
2022,624413,Pete Alonso,player,12,Pete Alonso,Peter,Alonso,Pete,P Alonso,121,NYM,New York Mets,Mets,NL,104,1B,First Base,1B,685,309,286,0,9,.279,67,12,17,117,2507,3.660,.098,.187,.058,.523,.246,4,2,99,1250,302,478,47,37,133,47,1,73,41,160,183,95,27,0,40,128,67,16,162,.271,597,.352,.518,.870,1,5,.833,17,131,0.73,0,14.92
2022,608070,José Ramírez,player,13,José Ramírez,José,Ramírez,José,J Ramírez,114,CLE,Cleveland Guardians,Guardians,AL,103,3B,Third Base,3B,685,309,239,0,9,.279,78,6,5,123,2742,4.003,.101,.120,.042,.841,.235,2,0,118,1264,192,528,74,49,119,33,1,81,53,157,241,90,44,5,29,82,69,20,168,.280,601,.355,.514,.869,7,20,.741,5,126,0.49,0,20.72
2022,677594,Julio Rodríguez,player,14,Julio Rodríguez,Julio,Rodríguez,Julio,J Rodríguez,136,SEA,Seattle Mariners,Mariners,AL,103,CF,Outfielder,CF,560,260,185,0,1,.345,56,8,7,52,2084,3.721,.071,.259,.050,.276,.225,7,0,50,1046,318,367,27,33,112,38,0,49,58,132,110,84,25,3,28,145,40,4,145,.284,511,.345,.509,.854,7,25,.781,7,75,1.02,0,18.25
2022,665742,Juan Soto,player,15,Juan Soto,Juan,Soto,Juan,J Soto,135,SD,San Diego Padres,Padres,NL,104,RF,Outfielder,RF,664,237,203,0,0,.249,54,4,12,86,2765,4.164,.203,.145,.041,1.406,.210,6,0,82,976,187,428,26,31,162,34,1,51,41,153,139,93,25,2,27,96,135,6,127,.242,524,.401,.452,.853,2,6,.750,12,62,1.17,1,19.41
2022,663993,Nathaniel Lowe,player,16,Nathaniel Lowe,David,Lowe,Nathaniel,N Lowe,140,TEX,Texas Rangers,Rangers,AL,103,1B,First Base,1B,645,292,219,0,0,.363,56,4,10,83,2525,3.915,.074,.228,.042,.327,.191,5,1,56,1318,328,446,19,41,151,40,0,75,64,157,116,74,26,3,27,147,48,2,179,.302,593,.358,.492,.850,2,2,.500,10,76,1.30,0,21.96
2022,665926,Andrés Giménez,player,17,Andrés Giménez,Andrés,Giménez,Andrés,A Gimenez,114,CLE,Cleveland Guardians,Guardians,AL,103,2B,Second Base,2B,557,229,201,4,3,.353,46,25,9,69,2044,3.670,.061,.201,.031,.304,.169,3,1,55,1077,287,386,31,32,122,20,0,62,64,146,118,66,26,3,17,112,34,4,146,.297,491,.371,.466,.837,3,20,.870,9,69,1.03,0,28.88
2022,643446,Jeff McNeil,player,18,Jeff McNeil,Jeffrey,McNeil,Jeff,J McNeil,121,NYM,New York Mets,Mets,NL,104,2B,Second Base,2B,589,242,226,0,5,.353,49,11,6,91,2065,3.506,.068,.104,.015,.656,.128,0,0,92,1101,176,477,28,52,131,17,0,91,66,148,172,73,39,1,9,61,40,1,174,.326,533,.382,.454,.836,0,4,1.000,6,62,0.76,0,59.22
2022,593428,Xander Bogaerts,player,19,Xander Bogaerts,Xander,Bogaerts,Xander,X Bogaerts,111,BOS,Boston Red Sox,Red Sox,AL,103,SS,Shortstop,2B,631,254,245,0,7,.362,53,10,14,114,2500,3.962,.090,.187,.024,.483,.149,3,0,66,1142,283,446,29,44,136,28,0,71,72,150,139,84,38,0,15,118,57,2,171,.307,557,.377,.456,.833,2,8,.800,14,73,0.98,0,37.13
2022,621043,Carlos Correa,player,19,Carlos Correa,Carlos,Correa,Carlos,C Correa,142,MIN,Minnesota Twins,Twins,AL,103,SS,Shortstop,SS,590,244,200,0,4,.339,47,3,18,88,2419,4.100,.103,.205,.037,.504,.176,4,0,77,1073,236,405,26,25,125,28,0,79,45,136,128,70,24,1,22,121,61,2,152,.291,522,.366,.467,.833,1,0,.000,18,64,0.98,0,23.73
2022,621493,Taylor Ward,player,19,Taylor Ward,Joseph,Ward,Taylor,T Ward,108,LAA,Los Angeles Angels,Angels,AL,103,RF,Outfielder,LF,564,234,185,0,5,.325,47,4,5,54,2297,4.073,.106,.213,.041,.500,.192,3,1,84,951,211,380,23,40,94,35,0,63,41,135,147,73,22,2,23,120,60,0,139,.281,495,.360,.473,.833,3,5,.625,5,65,0.64,0,21.52
2022,656941,Kyle Schwarber,player,22,Kyle Schwarber,Kyle,Schwarber,Kyle,K Schwarber,143,PHI,Philadelphia Phillies,Phillies,NL,104,LF,Outfielder,DH,669,291,209,0,2,.240,70,4,10,59,2878,4.302,.129,.299,.069,.430,.286,3,0,76,1160,339,379,43,25,109,52,0,53,21,155,144,100,21,3,46,200,86,3,126,.218,577,.323,.504,.827,1,10,.909,10,94,0.76,0,12.54
2022,547989,José Abreu,player,23,José Abreu,José,Abreu,José,J Abreu,145,CWS,Chicago White Sox,White Sox,AL,103,1B,First Base,1B,679,268,260,0,4,.350,55,12,19,94,2730,4.021,.091,.162,.022,.564,.141,5,1,92,1292,300,495,15,34,171,27,1,90,65,157,141,85,40,0,15,110,62,2,183,.304,601,.378,.446,.824,0,0,.---,19,75,1.21,0,40.07
2022,650490,Yandy Díaz,player,23,Yandy Díaz,Yandy,Díaz,Yandy,Y Díaz,139,TB,Tampa Bay Rays,Rays,AL,103,3B,Third Base,1B,558,200,181,0,1,.323,42,6,10,62,2157,3.866,.140,.108,.016,1.300,.127,4,0,68,891,127,414,24,40,142,13,1,61,65,137,132,71,33,0,9,60,78,2,140,.296,473,.401,.423,.824,3,3,.500,10,57,1.08,0,52.56
2022,608324,Alex Bregman,player,25,Alex Bregman,Alexander,Bregman,Alex,A Bregman,117,HOU,Houston Astros,Astros,AL,103,3B,Third Base,3B,656,249,257,0,10,.260,61,11,18,117,2521,3.843,.133,.117,.035,1.130,.195,1,0,120,1015,151,481,45,44,130,37,0,74,31,155,209,93,38,0,23,77,87,1,142,.259,548,.366,.454,.820,2,1,.333,18,93,0.62,0,23.83
